,fp,label,outlier,class
0,/ii/ab2ba65a-ce5d-11eb-b317-38f9d35ea60f.png,bad_label,False,ii
1,/ii/ab2c4722-ce5d-11eb-b317-38f9d35ea60f.png,normal,False,ii
2,/ii/ab2cceae-ce5d-11eb-b317-38f9d35ea60f.png,normal,False,ii
3,/ii/ab2ddcea-ce5d-11eb-b317-38f9d35ea60f.png,outlier,True,ii
4,/ii/ab2e9892-ce5d-11eb-b317-38f9d35ea60f.png,normal,False,ii
5,/ii/ab2f3aea-ce5d-11eb-b317-38f9d35ea60f.png,normal,False,ii
6,/ii/ab2fc7da-ce5d-11eb-b317-38f9d35ea60f.png,outlier,True,ii
7,/ii/ab304dcc-ce5d-11eb-b317-38f9d35ea60f.png,normal,False,ii
8,/ii/ab31add4-ce5d-11eb-b317-38f9d35ea60f.png,normal,False,ii
9,/ii/ab330864-ce5d-11eb-b317-38f9d35ea60f.png,normal,False,ii
10,/ii/ab33b214-ce5d-11eb-b317-38f9d35ea60f.png,normal,False,ii
11,/ii/ab344f08-ce5d-11eb-b317-38f9d35ea60f.png,bad_label,False,ii
12,/ii/ab34fba6-ce5d-11eb-b317-38f9d35ea60f.png,normal,False,ii
13,/ii/ab35cf7c-ce5d-11eb-b317-38f9d35ea60f.png,normal,False,ii
14,/ii/ab36a348-ce5d-11eb-b317-38f9d35ea60f.png,normal,False,ii
15,/ii/ab379afa-ce5d-11eb-b317-38f9d35ea60f.png,normal,False,ii
16,/ii/ab38bd5e-ce5d-11eb-b317-38f9d35ea60f.png,outlier,True,ii
17,/ii/ab39f3e0-ce5d-11eb-b317-38f9d35ea60f.png,normal,False,ii
18,/ii/ab3a8346-ce5d-11eb-b317-38f9d35ea60f.png,normal,False,ii
19,/ii/ab3b5726-ce5d-11eb-b317-38f9d35ea60f.png,outlier,True,ii
20,/ii/ab3be11e-ce5d-11eb-b317-38f9d35ea60f.png,bad_label,False,ii
21,/ii/ab3cd86c-ce5d-11eb-b317-38f9d35ea60f.png,normal,False,ii
22,/ii/ab3db12e-ce5d-11eb-b317-38f9d35ea60f.png,normal,False,ii
23,/ii/ab3e6592-ce5d-11eb-b317-38f9d35ea60f.png,normal,False,ii
24,/ii/ab3eed3c-ce5d-11eb-b317-38f9d35ea60f.png,normal,False,ii
25,/ii/ab3f6550-ce5d-11eb-b317-38f9d35ea60f.png,outlier,True,ii
26,/ii/ab405578-ce5d-11eb-b317-38f9d35ea60f.png,normal,False,ii
27,/ii/ab40fc9e-ce5d-11eb-b317-38f9d35ea60f.png,outlier,True,ii
28,/ii/ab419208-ce5d-11eb-b317-38f9d35ea60f.png,normal,False,ii
29,/ii/ab423b86-ce5d-11eb-b317-38f9d35ea60f.png,normal,False,ii
30,/ii/ab42ff8a-ce5d-11eb-b317-38f9d35ea60f.png,normal,False,ii
31,/ii/ab4392d8-ce5d-11eb-b317-38f9d35ea60f.png,normal,False,ii
32,/ii/ab443076-ce5d-11eb-b317-38f9d35ea60f.png,normal,False,ii
33,/ii/ab450618-ce5d-11eb-b317-38f9d35ea60f.png,outlier,True,ii
34,/ii/ab45c99a-ce5d-11eb-b317-38f9d35ea60f.png,outlier,True,ii
35,/ii/ab467e8a-ce5d-11eb-b317-38f9d35ea60f.png,outlier,True,ii
36,/ii/ab471d9a-ce5d-11eb-b317-38f9d35ea60f.png,normal,False,ii
37,/ii/ab480bce-ce5d-11eb-b317-38f9d35ea60f.png,outlier,True,ii
38,/ii/ab496500-ce5d-11eb-b317-38f9d35ea60f.png,normal,False,ii
39,/ii/ab4a2f58-ce5d-11eb-b317-38f9d35ea60f.png,normal,False,ii
40,/ii/ab4aab36-ce5d-11eb-b317-38f9d35ea60f.png,normal,False,ii
41,/ii/ab4b3cae-ce5d-11eb-b317-38f9d35ea60f.png,normal,False,ii
42,/ii/ab4bb9e0-ce5d-11eb-b317-38f9d35ea60f.png,normal,False,ii
43,/ii/ab4c396a-ce5d-11eb-b317-38f9d35ea60f.png,normal,False,ii
44,/ii/ab4e0182-ce5d-11eb-b317-38f9d35ea60f.png,bad_label,False,ii
45,/ii/ab4f1ce8-ce5d-11eb-b317-38f9d35ea60f.png,normal,False,ii
46,/ii/ab545de8-ce5d-11eb-b317-38f9d35ea60f.png,normal,False,ii
47,/ii/ab5540a0-ce5d-11eb-b317-38f9d35ea60f.png,normal,False,ii
48,/ii/ab561d90-ce5d-11eb-b317-38f9d35ea60f.png,normal,False,ii
49,/ii/ab56c1b4-ce5d-11eb-b317-38f9d35ea60f.png,normal,False,ii
50,/ii/ab579882-ce5d-11eb-b317-38f9d35ea60f.png,normal,False,ii
51,/ii/ab5844ee-ce5d-11eb-b317-38f9d35ea60f.png,outlier,True,ii
52,/ii/ab59d890-ce5d-11eb-b317-38f9d35ea60f.png,normal,False,ii
53,/ii/ab5ac78c-ce5d-11eb-b317-38f9d35ea60f.png,outlier,True,ii
54,/ii/ab5c84aa-ce5d-11eb-b317-38f9d35ea60f.png,normal,False,ii
55,/ii/ab5e1324-ce5d-11eb-b317-38f9d35ea60f.png,normal,False,ii
56,/ii/ab5e961e-ce5d-11eb-b317-38f9d35ea60f.png,normal,False,ii
57,/ii/ab5f1922-ce5d-11eb-b317-38f9d35ea60f.png,normal,False,ii
58,/ii/ab5fa414-ce5d-11eb-b317-38f9d35ea60f.png,normal,False,ii
59,/ii/ab607664-ce5d-11eb-b317-38f9d35ea60f.png,normal,False,ii
60,/ii/ab61f57a-ce5d-11eb-b317-38f9d35ea60f.png,normal,False,ii
61,/ii/ab628206-ce5d-11eb-b317-38f9d35ea60f.png,normal,False,ii
62,/ii/ab631e32-ce5d-11eb-b317-38f9d35ea60f.png,normal,False,ii
63,/ii/ab63bb4e-ce5d-11eb-b317-38f9d35ea60f.png,normal,False,ii
64,/ii/ab644622-ce5d-11eb-b317-38f9d35ea60f.png,normal,False,ii
65,/ii/ab64da74-ce5d-11eb-b317-38f9d35ea60f.png,normal,False,ii
66,/ii/ab662424-ce5d-11eb-b317-38f9d35ea60f.png,normal,False,ii
67,/ii/ab66cde8-ce5d-11eb-b317-38f9d35ea60f.png,normal,False,ii
68,/ii/ab68e36c-ce5d-11eb-b317-38f9d35ea60f.png,normal,False,ii
69,/ii/ab69a25c-ce5d-11eb-b317-38f9d35ea60f.png,normal,False,ii
70,/ii/ab6a581e-ce5d-11eb-b317-38f9d35ea60f.png,normal,False,ii
71,/ii/ab6b8bb2-ce5d-11eb-b317-38f9d35ea60f.png,normal,False,ii
72,/ii/ab6c0c9a-ce5d-11eb-b317-38f9d35ea60f.png,normal,False,ii
73,/ii/ab6c883c-ce5d-11eb-b317-38f9d35ea60f.png,normal,False,ii
74,/ii/ab6d0f14-ce5d-11eb-b317-38f9d35ea60f.png,normal,False,ii
75,/ii/ab6d8f8e-ce5d-11eb-b317-38f9d35ea60f.png,normal,False,ii
76,/ii/ab6e1c56-ce5d-11eb-b317-38f9d35ea60f.png,normal,False,ii
77,/ii/ab6ec994-ce5d-11eb-b317-38f9d35ea60f.png,outlier,True,ii
78,/ii/ab6f8744-ce5d-11eb-b317-38f9d35ea60f.png,normal,False,ii
79,/ii/ab70014c-ce5d-11eb-b317-38f9d35ea60f.png,normal,False,ii
80,/ii/ab70a7be-ce5d-11eb-b317-38f9d35ea60f.png,outlier,True,ii
81,/ii/ab71c0fe-ce5d-11eb-b317-38f9d35ea60f.png,normal,False,ii
82,/ii/ab72712a-ce5d-11eb-b317-38f9d35ea60f.png,normal,False,ii
83,/ii/ab7311de-ce5d-11eb-b317-38f9d35ea60f.png,normal,False,ii
84,/ii/ab741502-ce5d-11eb-b317-38f9d35ea60f.png,normal,False,ii
85,/ii/ab749220-ce5d-11eb-b317-38f9d35ea60f.png,normal,False,ii
86,/ii/ab7675e0-ce5d-11eb-b317-38f9d35ea60f.png,outlier,True,ii
87,/ii/ab770730-ce5d-11eb-b317-38f9d35ea60f.png,normal,False,ii
88,/ii/ab77bb3a-ce5d-11eb-b317-38f9d35ea60f.png,normal,False,ii
89,/ii/ab797a24-ce5d-11eb-b317-38f9d35ea60f.png,normal,False,ii
90,/ii/ab7ba2e0-ce5d-11eb-b317-38f9d35ea60f.png,normal,False,ii
91,/ii/ab7c1cf2-ce5d-11eb-b317-38f9d35ea60f.png,outlier,True,ii
92,/ii/ab7c9862-ce5d-11eb-b317-38f9d35ea60f.png,normal,False,ii
93,/ii/ab7d33a8-ce5d-11eb-b317-38f9d35ea60f.png,outlier,True,ii
94,/ii/ab7dae96-ce5d-11eb-b317-38f9d35ea60f.png,normal,False,ii
95,/ii/ab7e48a6-ce5d-11eb-b317-38f9d35ea60f.png,normal,False,ii
96,/ii/ab7fa2f0-ce5d-11eb-b317-38f9d35ea60f.png,normal,False,ii
97,/ii/ab806988-ce5d-11eb-b317-38f9d35ea60f.png,outlier,True,ii
98,/ii/ab80f9a2-ce5d-11eb-b317-38f9d35ea60f.png,normal,False,ii
99,/ii/ab8199fc-ce5d-11eb-b317-38f9d35ea60f.png,normal,False,ii
100,/ii/ab8252d4-ce5d-11eb-b317-38f9d35ea60f.png,normal,False,ii
101,/ii/ab82d8d0-ce5d-11eb-b317-38f9d35ea60f.png,normal,False,ii
102,/ii/ab836a8e-ce5d-11eb-b317-38f9d35ea60f.png,normal,False,ii
103,/ii/ab846bbe-ce5d-11eb-b317-38f9d35ea60f.png,outlier,True,ii
104,/ii/ab85126c-ce5d-11eb-b317-38f9d35ea60f.png,normal,False,ii
105,/ii/ab85e9a8-ce5d-11eb-b317-38f9d35ea60f.png,outlier,True,ii
106,/ii/ab884112-ce5d-11eb-b317-38f9d35ea60f.png,normal,False,ii
107,/ii/ab898446-ce5d-11eb-b317-38f9d35ea60f.png,normal,False,ii
108,/ii/ab8a1c94-ce5d-11eb-b317-38f9d35ea60f.png,normal,False,ii
109,/ii/ab8a9aac-ce5d-11eb-b317-38f9d35ea60f.png,normal,False,ii
110,/ii/ab8b2ac6-ce5d-11eb-b317-38f9d35ea60f.png,outlier,True,ii
111,/ii/ab8bb572-ce5d-11eb-b317-38f9d35ea60f.png,normal,False,ii
112,/ii/ab8c3c04-ce5d-11eb-b317-38f9d35ea60f.png,normal,False,ii
113,/ii/ab8ce55a-ce5d-11eb-b317-38f9d35ea60f.png,normal,False,ii
114,/ii/ab8e4684-ce5d-11eb-b317-38f9d35ea60f.png,normal,False,ii
115,/ii/ab8f43c2-ce5d-11eb-b317-38f9d35ea60f.png,normal,False,ii
116,/ii/ab8ff736-ce5d-11eb-b317-38f9d35ea60f.png,normal,False,ii
117,/ii/ab908b56-ce5d-11eb-b317-38f9d35ea60f.png,normal,False,ii
118,/ii/ab91c7a0-ce5d-11eb-b317-38f9d35ea60f.png,normal,False,ii
119,/ii/ab955b18-ce5d-11eb-b317-38f9d35ea60f.png,normal,False,ii
120,/ii/ab9791bc-ce5d-11eb-b317-38f9d35ea60f.png,normal,False,ii
121,/ii/ab984cb0-ce5d-11eb-b317-38f9d35ea60f.png,normal,False,ii
122,/ii/ab98f020-ce5d-11eb-b317-38f9d35ea60f.png,normal,False,ii
123,/ii/ab99c1bc-ce5d-11eb-b317-38f9d35ea60f.png,normal,False,ii
124,/ii/ab9a6158-ce5d-11eb-b317-38f9d35ea60f.png,normal,False,ii
125,/ii/ab9d192a-ce5d-11eb-b317-38f9d35ea60f.png,outlier,True,ii
126,/ii/ab9df6ce-ce5d-11eb-b317-38f9d35ea60f.png,normal,False,ii
127,/ii/ab9e9700-ce5d-11eb-b317-38f9d35ea60f.png,normal,False,ii
128,/iii/b02a4ecc-ce5d-11eb-b317-38f9d35ea60f.png,normal,False,iii
129,/iii/b02c8e94-ce5d-11eb-b317-38f9d35ea60f.png,bad_label,False,iii
130,/iii/b02e16c4-ce5d-11eb-b317-38f9d35ea60f.png,normal,False,iii
131,/iii/b02eb962-ce5d-11eb-b317-38f9d35ea60f.png,outlier,True,iii
132,/iii/b03016ea-ce5d-11eb-b317-38f9d35ea60f.png,normal,False,iii
133,/iii/b031599c-ce5d-11eb-b317-38f9d35ea60f.png,normal,False,iii
134,/iii/b031f6c2-ce5d-11eb-b317-38f9d35ea60f.png,outlier,True,iii
135,/iii/b032fb58-ce5d-11eb-b317-38f9d35ea60f.png,normal,False,iii
136,/iii/b036643c-ce5d-11eb-b317-38f9d35ea60f.png,normal,False,iii
137,/iii/b03814bc-ce5d-11eb-b317-38f9d35ea60f.png,outlier,True,iii
138,/iii/b03a4e1c-ce5d-11eb-b317-38f9d35ea60f.png,normal,False,iii
139,/iii/b03c5fae-ce5d-11eb-b317-38f9d35ea60f.png,normal,False,iii
140,/iii/b03d0de6-ce5d-11eb-b317-38f9d35ea60f.png,normal,False,iii
141,/iii/b0406bd0-ce5d-11eb-b317-38f9d35ea60f.png,normal,False,iii
142,/iii/b040fe74-ce5d-11eb-b317-38f9d35ea60f.png,normal,False,iii
143,/iii/b041aa22-ce5d-11eb-b317-38f9d35ea60f.png,normal,False,iii
144,/iii/b043802c-ce5d-11eb-b317-38f9d35ea60f.png,normal,False,iii
145,/iii/b0446c4e-ce5d-11eb-b317-38f9d35ea60f.png,normal,False,iii
146,/iii/b04541e6-ce5d-11eb-b317-38f9d35ea60f.png,outlier,True,iii
147,/iii/b0461e04-ce5d-11eb-b317-38f9d35ea60f.png,normal,False,iii
148,/iii/b046c5fc-ce5d-11eb-b317-38f9d35ea60f.png,normal,False,iii
149,/iii/b0479f90-ce5d-11eb-b317-38f9d35ea60f.png,normal,False,iii
150,/iii/b0483b08-ce5d-11eb-b317-38f9d35ea60f.png,normal,False,iii
151,/iii/b049dbfc-ce5d-11eb-b317-38f9d35ea60f.png,normal,False,iii
152,/iii/b04aa708-ce5d-11eb-b317-38f9d35ea60f.png,normal,False,iii
153,/iii/b04b543c-ce5d-11eb-b317-38f9d35ea60f.png,normal,False,iii
154,/iii/b04c684a-ce5d-11eb-b317-38f9d35ea60f.png,normal,False,iii
155,/iii/b04da7f0-ce5d-11eb-b317-38f9d35ea60f.png,normal,False,iii
156,/iii/b04ea1b4-ce5d-11eb-b317-38f9d35ea60f.png,normal,False,iii
157,/iii/b04f3afc-ce5d-11eb-b317-38f9d35ea60f.png,normal,False,iii
158,/iii/b0506ea4-ce5d-11eb-b317-38f9d35ea60f.png,normal,False,iii
159,/iii/b0514310-ce5d-11eb-b317-38f9d35ea60f.png,normal,False,iii
160,/iii/b051faa8-ce5d-11eb-b317-38f9d35ea60f.png,normal,False,iii
161,/iii/b052eac6-ce5d-11eb-b317-38f9d35ea60f.png,normal,False,iii
162,/iii/b05458de-ce5d-11eb-b317-38f9d35ea60f.png,normal,False,iii
163,/iii/b054fd5c-ce5d-11eb-b317-38f9d35ea60f.png,normal,False,iii
164,/iii/b0573bda-ce5d-11eb-b317-38f9d35ea60f.png,normal,False,iii
165,/iii/b05b5b66-ce5d-11eb-b317-38f9d35ea60f.png,outlier,True,iii
166,/iii/b05ca9c6-ce5d-11eb-b317-38f9d35ea60f.png,normal,False,iii
167,/iii/b05fd6dc-ce5d-11eb-b317-38f9d35ea60f.png,normal,False,iii
168,/iii/b0607164-ce5d-11eb-b317-38f9d35ea60f.png,normal,False,iii
169,/iii/b0611736-ce5d-11eb-b317-38f9d35ea60f.png,normal,False,iii
170,/iii/b0624a16-ce5d-11eb-b317-38f9d35ea60f.png,normal,False,iii
171,/iii/b062fb64-ce5d-11eb-b317-38f9d35ea60f.png,normal,False,iii
172,/iii/b063fcee-ce5d-11eb-b317-38f9d35ea60f.png,normal,False,iii
173,/iii/b064a2e8-ce5d-11eb-b317-38f9d35ea60f.png,normal,False,iii
174,/iii/b06d0c12-ce5d-11eb-b317-38f9d35ea60f.png,normal,False,iii
175,/iii/b06e027a-ce5d-11eb-b317-38f9d35ea60f.png,normal,False,iii
176,/iii/b07095d0-ce5d-11eb-b317-38f9d35ea60f.png,normal,False,iii
177,/iii/b07413ae-ce5d-11eb-b317-38f9d35ea60f.png,outlier,True,iii
178,/iii/b076f178-ce5d-11eb-b317-38f9d35ea60f.png,normal,False,iii
179,/iii/b07bd85a-ce5d-11eb-b317-38f9d35ea60f.png,normal,False,iii
180,/iii/b07c8b74-ce5d-11eb-b317-38f9d35ea60f.png,normal,False,iii
181,/iii/b07d2368-ce5d-11eb-b317-38f9d35ea60f.png,normal,False,iii
182,/iii/b07e58d2-ce5d-11eb-b317-38f9d35ea60f.png,normal,False,iii
183,/iii/b07f3324-ce5d-11eb-b317-38f9d35ea60f.png,outlier,True,iii
184,/iii/b080a25e-ce5d-11eb-b317-38f9d35ea60f.png,normal,False,iii
185,/iii/b085aef2-ce5d-11eb-b317-38f9d35ea60f.png,normal,False,iii
186,/iii/b0873006-ce5d-11eb-b317-38f9d35ea60f.png,normal,False,iii
187,/iii/b08b53ac-ce5d-11eb-b317-38f9d35ea60f.png,normal,False,iii
188,/iii/b08be98e-ce5d-11eb-b317-38f9d35ea60f.png,normal,False,iii
189,/iii/b09147bc-ce5d-11eb-b317-38f9d35ea60f.png,outlier,True,iii
190,/iii/b09203a0-ce5d-11eb-b317-38f9d35ea60f.png,outlier,True,iii
191,/iii/b0933f72-ce5d-11eb-b317-38f9d35ea60f.png,normal,False,iii
192,/iii/b093f516-ce5d-11eb-b317-38f9d35ea60f.png,normal,False,iii
193,/iii/b097922a-ce5d-11eb-b317-38f9d35ea60f.png,normal,False,iii
194,/iii/b09957e0-ce5d-11eb-b317-38f9d35ea60f.png,normal,False,iii
195,/iii/b09e2f2c-ce5d-11eb-b317-38f9d35ea60f.png,normal,False,iii
196,/iii/b0a33b70-ce5d-11eb-b317-38f9d35ea60f.png,normal,False,iii
197,/iii/b0a53a4c-ce5d-11eb-b317-38f9d35ea60f.png,normal,False,iii
198,/iii/b0a6c0e2-ce5d-11eb-b317-38f9d35ea60f.png,normal,False,iii
199,/iii/b0a80dd0-ce5d-11eb-b317-38f9d35ea60f.png,normal,False,iii
200,/iii/b0ab977a-ce5d-11eb-b317-38f9d35ea60f.png,normal,False,iii
201,/iii/b0ae6cb6-ce5d-11eb-b317-38f9d35ea60f.png,normal,False,iii
202,/iii/b0af1094-ce5d-11eb-b317-38f9d35ea60f.png,normal,False,iii
203,/iii/b0b014a8-ce5d-11eb-b317-38f9d35ea60f.png,normal,False,iii
204,/iii/b0b0b372-ce5d-11eb-b317-38f9d35ea60f.png,normal,False,iii
205,/iii/b0b16628-ce5d-11eb-b317-38f9d35ea60f.png,normal,False,iii
206,/iii/b0b2e232-ce5d-11eb-b317-38f9d35ea60f.png,normal,False,iii
207,/iii/b0b458ec-ce5d-11eb-b317-38f9d35ea60f.png,normal,False,iii
208,/iii/b0b50846-ce5d-11eb-b317-38f9d35ea60f.png,outlier,True,iii
209,/iii/b0b5c2cc-ce5d-11eb-b317-38f9d35ea60f.png,normal,False,iii
210,/iii/b0b6756e-ce5d-11eb-b317-38f9d35ea60f.png,outlier,True,iii
211,/iii/b0b797aa-ce5d-11eb-b317-38f9d35ea60f.png,normal,False,iii
212,/iii/b0c972ae-ce5d-11eb-b317-38f9d35ea60f.png,normal,False,iii
213,/iii/b0caa656-ce5d-11eb-b317-38f9d35ea60f.png,normal,False,iii
214,/iii/b0cb950c-ce5d-11eb-b317-38f9d35ea60f.png,normal,False,iii
215,/iii/b0cc404c-ce5d-11eb-b317-38f9d35ea60f.png,normal,False,iii
216,/iii/b0cef742-ce5d-11eb-b317-38f9d35ea60f.png,normal,False,iii
217,/iii/b0cfb3c6-ce5d-11eb-b317-38f9d35ea60f.png,normal,False,iii
218,/iii/b0d24d20-ce5d-11eb-b317-38f9d35ea60f.png,normal,False,iii
219,/iii/b0d429b0-ce5d-11eb-b317-38f9d35ea60f.png,normal,False,iii
220,/iii/b0d60622-ce5d-11eb-b317-38f9d35ea60f.png,outlier,True,iii
221,/iii/b0d910ce-ce5d-11eb-b317-38f9d35ea60f.png,normal,False,iii
222,/iii/b0d9bbf0-ce5d-11eb-b317-38f9d35ea60f.png,normal,False,iii
223,/iii/b0da6654-ce5d-11eb-b317-38f9d35ea60f.png,normal,False,iii
224,/iii/b0dc82c2-ce5d-11eb-b317-38f9d35ea60f.png,outlier,True,iii
225,/iii/b0dda44a-ce5d-11eb-b317-38f9d35ea60f.png,outlier,True,iii
226,/iii/b0de72f8-ce5d-11eb-b317-38f9d35ea60f.png,normal,False,iii
227,/iii/b0df1d20-ce5d-11eb-b317-38f9d35ea60f.png,normal,False,iii
228,/iii/b0e082d2-ce5d-11eb-b317-38f9d35ea60f.png,outlier,True,iii
229,/iii/b0e134e8-ce5d-11eb-b317-38f9d35ea60f.png,outlier,True,iii
230,/iii/b0e22f1a-ce5d-11eb-b317-38f9d35ea60f.png,normal,False,iii
231,/iii/b0e2ea04-ce5d-11eb-b317-38f9d35ea60f.png,normal,False,iii
232,/iii/b0e38860-ce5d-11eb-b317-38f9d35ea60f.png,normal,False,iii
233,/iii/b0e5263e-ce5d-11eb-b317-38f9d35ea60f.png,normal,False,iii
234,/iii/b0e5e218-ce5d-11eb-b317-38f9d35ea60f.png,normal,False,iii
235,/iii/b0e67e44-ce5d-11eb-b317-38f9d35ea60f.png,normal,False,iii
236,/iii/b0e73cee-ce5d-11eb-b317-38f9d35ea60f.png,outlier,True,iii
237,/iii/b0e807a0-ce5d-11eb-b317-38f9d35ea60f.png,outlier,True,iii
238,/iii/b0e92540-ce5d-11eb-b317-38f9d35ea60f.png,normal,False,iii
239,/iii/b0e9fd76-ce5d-11eb-b317-38f9d35ea60f.png,normal,False,iii
240,/iii/b0eabf68-ce5d-11eb-b317-38f9d35ea60f.png,normal,False,iii
241,/iii/b0eb7124-ce5d-11eb-b317-38f9d35ea60f.png,outlier,True,iii
242,/iii/b0ec3cf8-ce5d-11eb-b317-38f9d35ea60f.png,normal,False,iii
243,/iii/b0ece57c-ce5d-11eb-b317-38f9d35ea60f.png,normal,False,iii
244,/iii/b0ed88f6-ce5d-11eb-b317-38f9d35ea60f.png,normal,False,iii
245,/iii/b0ee2c84-ce5d-11eb-b317-38f9d35ea60f.png,normal,False,iii
246,/iii/b0eede4a-ce5d-11eb-b317-38f9d35ea60f.png,normal,False,iii
247,/iii/b0f00afe-ce5d-11eb-b317-38f9d35ea60f.png,outlier,True,iii
248,/iii/b0f0a4e6-ce5d-11eb-b317-38f9d35ea60f.png,normal,False,iii
249,/iii/b0f2129a-ce5d-11eb-b317-38f9d35ea60f.png,outlier,True,iii
250,/iii/b0f2b4a2-ce5d-11eb-b317-38f9d35ea60f.png,normal,False,iii
251,/iii/b0f36136-ce5d-11eb-b317-38f9d35ea60f.png,normal,False,iii
252,/iii/b0f511f2-ce5d-11eb-b317-38f9d35ea60f.png,normal,False,iii
253,/iv/add76632-ce5d-11eb-b317-38f9d35ea60f.png,outlier,True,iv
254,/iv/add8501a-ce5d-11eb-b317-38f9d35ea60f.png,normal,False,iv
255,/iv/adda582e-ce5d-11eb-b317-38f9d35ea60f.png,normal,False,iv
256,/iv/addb0e54-ce5d-11eb-b317-38f9d35ea60f.png,normal,False,iv
257,/iv/addc72d0-ce5d-11eb-b317-38f9d35ea60f.png,normal,False,iv
258,/iv/addd9516-ce5d-11eb-b317-38f9d35ea60f.png,normal,False,iv
259,/iv/adde553c-ce5d-11eb-b317-38f9d35ea60f.png,normal,False,iv
260,/iv/addf6daa-ce5d-11eb-b317-38f9d35ea60f.png,normal,False,iv
261,/iv/ade0f184-ce5d-11eb-b317-38f9d35ea60f.png,normal,False,iv
262,/iv/ade2376a-ce5d-11eb-b317-38f9d35ea60f.png,normal,False,iv
263,/iv/ade3b630-ce5d-11eb-b317-38f9d35ea60f.png,normal,False,iv
264,/iv/ade4d510-ce5d-11eb-b317-38f9d35ea60f.png,normal,False,iv
265,/iv/ade58a78-ce5d-11eb-b317-38f9d35ea60f.png,normal,False,iv
266,/iv/ade63e96-ce5d-11eb-b317-38f9d35ea60f.png,normal,False,iv
267,/iv/ade7471e-ce5d-11eb-b317-38f9d35ea60f.png,outlier,True,iv
268,/iv/ade885de-ce5d-11eb-b317-38f9d35ea60f.png,normal,False,iv
269,/iv/ade9432a-ce5d-11eb-b317-38f9d35ea60f.png,normal,False,iv
270,/iv/adea2e0c-ce5d-11eb-b317-38f9d35ea60f.png,normal,False,iv
271,/iv/adeacc0e-ce5d-11eb-b317-38f9d35ea60f.png,normal,False,iv
272,/iv/adeb61fa-ce5d-11eb-b317-38f9d35ea60f.png,outlier,True,iv
273,/iv/adec1cc6-ce5d-11eb-b317-38f9d35ea60f.png,normal,False,iv
274,/iv/adececdc-ce5d-11eb-b317-38f9d35ea60f.png,outlier,True,iv
275,/iv/adeda65e-ce5d-11eb-b317-38f9d35ea60f.png,outlier,True,iv
276,/iv/adee31fa-ce5d-11eb-b317-38f9d35ea60f.png,normal,False,iv
277,/iv/adf158c6-ce5d-11eb-b317-38f9d35ea60f.png,normal,False,iv
278,/iv/adf2251c-ce5d-11eb-b317-38f9d35ea60f.png,normal,False,iv
279,/iv/adf2d5a2-ce5d-11eb-b317-38f9d35ea60f.png,normal,False,iv
280,/iv/adf416a6-ce5d-11eb-b317-38f9d35ea60f.png,normal,False,iv
281,/iv/adf4abfc-ce5d-11eb-b317-38f9d35ea60f.png,outlier,True,iv
282,/iv/adf52848-ce5d-11eb-b317-38f9d35ea60f.png,normal,False,iv
283,/iv/adf6bb04-ce5d-11eb-b317-38f9d35ea60f.png,outlier,True,iv
284,/iv/adf770c6-ce5d-11eb-b317-38f9d35ea60f.png,normal,False,iv
285,/iv/adf813d2-ce5d-11eb-b317-38f9d35ea60f.png,normal,False,iv
286,/iv/adf8c4ee-ce5d-11eb-b317-38f9d35ea60f.png,outlier,True,iv
287,/iv/adf96ac0-ce5d-11eb-b317-38f9d35ea60f.png,normal,False,iv
288,/iv/adf9e946-ce5d-11eb-b317-38f9d35ea60f.png,normal,False,iv
289,/iv/adfa58e0-ce5d-11eb-b317-38f9d35ea60f.png,normal,False,iv
290,/iv/adfad892-ce5d-11eb-b317-38f9d35ea60f.png,normal,False,iv
291,/iv/adfbf72c-ce5d-11eb-b317-38f9d35ea60f.png,normal,False,iv
292,/iv/adfcb298-ce5d-11eb-b317-38f9d35ea60f.png,normal,False,iv
293,/iv/adfdf978-ce5d-11eb-b317-38f9d35ea60f.png,normal,False,iv
294,/iv/adff0bb0-ce5d-11eb-b317-38f9d35ea60f.png,normal,False,iv
295,/iv/adffa656-ce5d-11eb-b317-38f9d35ea60f.png,normal,False,iv
296,/iv/ae00718a-ce5d-11eb-b317-38f9d35ea60f.png,normal,False,iv
297,/iv/ae01d552-ce5d-11eb-b317-38f9d35ea60f.png,outlier,True,iv
298,/iv/ae02785e-ce5d-11eb-b317-38f9d35ea60f.png,normal,False,iv
299,/iv/ae02fa18-ce5d-11eb-b317-38f9d35ea60f.png,normal,False,iv
300,/iv/ae03be6c-ce5d-11eb-b317-38f9d35ea60f.png,normal,False,iv
301,/iv/ae043d1a-ce5d-11eb-b317-38f9d35ea60f.png,normal,False,iv
302,/iv/ae04c8e8-ce5d-11eb-b317-38f9d35ea60f.png,normal,False,iv
303,/iv/ae057db0-ce5d-11eb-b317-38f9d35ea60f.png,normal,False,iv
304,/iv/ae061d74-ce5d-11eb-b317-38f9d35ea60f.png,normal,False,iv
305,/iv/ae06ae60-ce5d-11eb-b317-38f9d35ea60f.png,outlier,True,iv
306,/iv/ae08a530-ce5d-11eb-b317-38f9d35ea60f.png,normal,False,iv
307,/iv/ae0936f8-ce5d-11eb-b317-38f9d35ea60f.png,normal,False,iv
308,/iv/ae0a5826-ce5d-11eb-b317-38f9d35ea60f.png,normal,False,iv
309,/iv/ae0b6ca2-ce5d-11eb-b317-38f9d35ea60f.png,normal,False,iv
310,/iv/ae0bfa14-ce5d-11eb-b317-38f9d35ea60f.png,normal,False,iv
311,/iv/ae0c7c14-ce5d-11eb-b317-38f9d35ea60f.png,outlier,True,iv
312,/iv/ae0cff7c-ce5d-11eb-b317-38f9d35ea60f.png,normal,False,iv
313,/iv/ae0d864a-ce5d-11eb-b317-38f9d35ea60f.png,normal,False,iv
314,/iv/ae0e40b2-ce5d-11eb-b317-38f9d35ea60f.png,outlier,True,iv
315,/iv/ae0ff5d8-ce5d-11eb-b317-38f9d35ea60f.png,normal,False,iv
316,/iv/ae1251f2-ce5d-11eb-b317-38f9d35ea60f.png,normal,False,iv
317,/iv/ae136696-ce5d-11eb-b317-38f9d35ea60f.png,normal,False,iv
318,/iv/ae13d932-ce5d-11eb-b317-38f9d35ea60f.png,normal,False,iv
319,/iv/ae145704-ce5d-11eb-b317-38f9d35ea60f.png,normal,False,iv
320,/iv/ae14fe52-ce5d-11eb-b317-38f9d35ea60f.png,normal,False,iv
321,/iv/ae15c6ca-ce5d-11eb-b317-38f9d35ea60f.png,normal,False,iv
322,/iv/ae1649ce-ce5d-11eb-b317-38f9d35ea60f.png,normal,False,iv
323,/iv/ae16c660-ce5d-11eb-b317-38f9d35ea60f.png,normal,False,iv
324,/iv/ae175d5a-ce5d-11eb-b317-38f9d35ea60f.png,normal,False,iv
325,/iv/ae17efcc-ce5d-11eb-b317-38f9d35ea60f.png,normal,False,iv
326,/iv/ae18730c-ce5d-11eb-b317-38f9d35ea60f.png,normal,False,iv
327,/iv/ae18e5da-ce5d-11eb-b317-38f9d35ea60f.png,normal,False,iv
328,/iv/ae1953b2-ce5d-11eb-b317-38f9d35ea60f.png,normal,False,iv
329,/iv/ae19d0bc-ce5d-11eb-b317-38f9d35ea60f.png,normal,False,iv
330,/iv/ae1a7d78-ce5d-11eb-b317-38f9d35ea60f.png,normal,False,iv
331,/iv/ae1bce44-ce5d-11eb-b317-38f9d35ea60f.png,normal,False,iv
332,/iv/ae1cc952-ce5d-11eb-b317-38f9d35ea60f.png,normal,False,iv
333,/iv/ae1d61fa-ce5d-11eb-b317-38f9d35ea60f.png,normal,False,iv
334,/iv/ae1e1f8c-ce5d-11eb-b317-38f9d35ea60f.png,normal,False,iv
335,/iv/ae1f07ee-ce5d-11eb-b317-38f9d35ea60f.png,normal,False,iv
336,/iv/ae1fb46e-ce5d-11eb-b317-38f9d35ea60f.png,normal,False,iv
337,/iv/ae202fca-ce5d-11eb-b317-38f9d35ea60f.png,normal,False,iv
338,/iv/ae20a3e2-ce5d-11eb-b317-38f9d35ea60f.png,normal,False,iv
339,/iv/ae213366-ce5d-11eb-b317-38f9d35ea60f.png,normal,False,iv
340,/iv/ae22035e-ce5d-11eb-b317-38f9d35ea60f.png,outlier,True,iv
341,/iv/ae228de2-ce5d-11eb-b317-38f9d35ea60f.png,normal,False,iv
342,/iv/ae22fc32-ce5d-11eb-b317-38f9d35ea60f.png,normal,False,iv
343,/iv/ae2373a6-ce5d-11eb-b317-38f9d35ea60f.png,normal,False,iv
344,/iv/ae240320-ce5d-11eb-b317-38f9d35ea60f.png,normal,False,iv
345,/iv/ae249448-ce5d-11eb-b317-38f9d35ea60f.png,normal,False,iv
346,/iv/ae251bca-ce5d-11eb-b317-38f9d35ea60f.png,normal,False,iv
347,/iv/ae25ad1a-ce5d-11eb-b317-38f9d35ea60f.png,normal,False,iv
348,/iv/ae264838-ce5d-11eb-b317-38f9d35ea60f.png,normal,False,iv
349,/iv/ae26dd02-ce5d-11eb-b317-38f9d35ea60f.png,normal,False,iv
350,/iv/ae276cea-ce5d-11eb-b317-38f9d35ea60f.png,outlier,True,iv
351,/iv/ae27eb3e-ce5d-11eb-b317-38f9d35ea60f.png,normal,False,iv
352,/iv/ae28d152-ce5d-11eb-b317-38f9d35ea60f.png,normal,False,iv
353,/iv/ae2959c4-ce5d-11eb-b317-38f9d35ea60f.png,normal,False,iv
354,/iv/ae29de58-ce5d-11eb-b317-38f9d35ea60f.png,normal,False,iv
355,/iv/ae2a6b52-ce5d-11eb-b317-38f9d35ea60f.png,normal,False,iv
356,/iv/ae2af5ae-ce5d-11eb-b317-38f9d35ea60f.png,normal,False,iv
357,/iv/ae2ccd52-ce5d-11eb-b317-38f9d35ea60f.png,outlier,True,iv
358,/iv/ae2d7450-ce5d-11eb-b317-38f9d35ea60f.png,normal,False,iv
359,/iv/ae2e23fa-ce5d-11eb-b317-38f9d35ea60f.png,normal,False,iv
360,/iv/ae2f068a-ce5d-11eb-b317-38f9d35ea60f.png,outlier,True,iv
361,/iv/ae2f9c62-ce5d-11eb-b317-38f9d35ea60f.png,normal,False,iv
362,/iv/ae3023f8-ce5d-11eb-b317-38f9d35ea60f.png,outlier,True,iv
363,/iv/ae30b03e-ce5d-11eb-b317-38f9d35ea60f.png,normal,False,iv
364,/iv/ae313e28-ce5d-11eb-b317-38f9d35ea60f.png,normal,False,iv
365,/iv/ae31c5b4-ce5d-11eb-b317-38f9d35ea60f.png,normal,False,iv
366,/iv/ae3244c6-ce5d-11eb-b317-38f9d35ea60f.png,normal,False,iv
367,/iv/ae32bdfc-ce5d-11eb-b317-38f9d35ea60f.png,normal,False,iv
368,/iv/ae340388-ce5d-11eb-b317-38f9d35ea60f.png,normal,False,iv
369,/iv/ae348010-ce5d-11eb-b317-38f9d35ea60f.png,outlier,True,iv
370,/iv/ae3503e6-ce5d-11eb-b317-38f9d35ea60f.png,normal,False,iv
371,/iv/ae358834-ce5d-11eb-b317-38f9d35ea60f.png,normal,False,iv
372,/iv/ae37984a-ce5d-11eb-b317-38f9d35ea60f.png,normal,False,iv
373,/iv/ae38b068-ce5d-11eb-b317-38f9d35ea60f.png,normal,False,iv
374,/iv/ae395d10-ce5d-11eb-b317-38f9d35ea60f.png,normal,False,iv
375,/iv/ae39e4c4-ce5d-11eb-b317-38f9d35ea60f.png,normal,False,iv
376,/iv/ae3b2f3c-ce5d-11eb-b317-38f9d35ea60f.png,normal,False,iv
377,/iv/ae3bbc68-ce5d-11eb-b317-38f9d35ea60f.png,normal,False,iv
378,/iv/ae3cdf4e-ce5d-11eb-b317-38f9d35ea60f.png,normal,False,iv
379,/iv/ae3daffa-ce5d-11eb-b317-38f9d35ea60f.png,normal,False,iv
380,/iv/ae3e8740-ce5d-11eb-b317-38f9d35ea60f.png,normal,False,iv
381,/iv/ae3f06ac-ce5d-11eb-b317-38f9d35ea60f.png,normal,False,iv
382,/iv/ae3f9824-ce5d-11eb-b317-38f9d35ea60f.png,normal,False,iv
383,/iv/ae40e724-ce5d-11eb-b317-38f9d35ea60f.png,normal,False,iv
384,/iv/ae417e5a-ce5d-11eb-b317-38f9d35ea60f.png,normal,False,iv
385,/iv/ae41f6a0-ce5d-11eb-b317-38f9d35ea60f.png,normal,False,iv
386,/iv/ae4273b4-ce5d-11eb-b317-38f9d35ea60f.png,normal,False,iv
387,/iv/ae431af8-ce5d-11eb-b317-38f9d35ea60f.png,normal,False,iv
388,/iv/ae43a572-ce5d-11eb-b317-38f9d35ea60f.png,normal,False,iv
389,/iv/ae443d52-ce5d-11eb-b317-38f9d35ea60f.png,normal,False,iv
390,/iv/ae44c560-ce5d-11eb-b317-38f9d35ea60f.png,normal,False,iv
391,/iv/ae45814e-ce5d-11eb-b317-38f9d35ea60f.png,normal,False,iv
392,/iv/ae4616ae-ce5d-11eb-b317-38f9d35ea60f.png,normal,False,iv
393,/iv/ae46851c-ce5d-11eb-b317-38f9d35ea60f.png,normal,False,iv
394,/iv/ae46f218-ce5d-11eb-b317-38f9d35ea60f.png,outlier,True,iv
395,/iv/ae4771fc-ce5d-11eb-b317-38f9d35ea60f.png,normal,False,iv
396,/iv/ae48b6de-ce5d-11eb-b317-38f9d35ea60f.png,normal,False,iv
397,/iv/ae4940a4-ce5d-11eb-b317-38f9d35ea60f.png,normal,False,iv
398,/iv/ae49ba7a-ce5d-11eb-b317-38f9d35ea60f.png,normal,False,iv
399,/iv/ae4a4de6-ce5d-11eb-b317-38f9d35ea60f.png,normal,False,iv
400,/iv/ae4ae29c-ce5d-11eb-b317-38f9d35ea60f.png,normal,False,iv
401,/iv/ae4b633e-ce5d-11eb-b317-38f9d35ea60f.png,normal,False,iv
402,/iv/ae4bf5ec-ce5d-11eb-b317-38f9d35ea60f.png,normal,False,iv
403,/iv/ae4c8340-ce5d-11eb-b317-38f9d35ea60f.png,normal,False,iv
404,/iv/ae4d4410-ce5d-11eb-b317-38f9d35ea60f.png,normal,False,iv
405,/iv/ae4dd84e-ce5d-11eb-b317-38f9d35ea60f.png,normal,False,iv
406,/iv/ae4e4ea0-ce5d-11eb-b317-38f9d35ea60f.png,normal,False,iv
407,/iv/ae4ecf56-ce5d-11eb-b317-38f9d35ea60f.png,normal,False,iv
408,/iv/ae50efc0-ce5d-11eb-b317-38f9d35ea60f.png,normal,False,iv
409,/iv/ae516676-ce5d-11eb-b317-38f9d35ea60f.png,normal,False,iv
410,/iv/ae51fcd0-ce5d-11eb-b317-38f9d35ea60f.png,normal,False,iv
411,/iv/ae5286e6-ce5d-11eb-b317-38f9d35ea60f.png,outlier,True,iv
412,/iv/ae532010-ce5d-11eb-b317-38f9d35ea60f.png,normal,False,iv
413,/iv/ae53b660-ce5d-11eb-b317-38f9d35ea60f.png,normal,False,iv
414,/iv/ae547924-ce5d-11eb-b317-38f9d35ea60f.png,normal,False,iv
415,/iv/ae553aee-ce5d-11eb-b317-38f9d35ea60f.png,normal,False,iv
416,/iv/ae56b964-ce5d-11eb-b317-38f9d35ea60f.png,normal,False,iv
417,/iv/ae57672e-ce5d-11eb-b317-38f9d35ea60f.png,normal,False,iv
418,/iv/ae57f784-ce5d-11eb-b317-38f9d35ea60f.png,normal,False,iv
419,/iv/ae587330-ce5d-11eb-b317-38f9d35ea60f.png,normal,False,iv
420,/iv/ae58f846-ce5d-11eb-b317-38f9d35ea60f.png,normal,False,iv
421,/iv/ae5981f8-ce5d-11eb-b317-38f9d35ea60f.png,normal,False,iv
422,/iv/ae5a2888-ce5d-11eb-b317-38f9d35ea60f.png,normal,False,iv
423,/iv/ae5abc6c-ce5d-11eb-b317-38f9d35ea60f.png,normal,False,iv
424,/iv/ae5b3fa2-ce5d-11eb-b317-38f9d35ea60f.png,normal,False,iv
425,/iv/ae5bc0a8-ce5d-11eb-b317-38f9d35ea60f.png,normal,False,iv
426,/iv/ae5c7430-ce5d-11eb-b317-38f9d35ea60f.png,outlier,True,iv
427,/iv/ae5d44b4-ce5d-11eb-b317-38f9d35ea60f.png,normal,False,iv
428,/iv/ae5e45c6-ce5d-11eb-b317-38f9d35ea60f.png,normal,False,iv
429,/iv/ae5f199c-ce5d-11eb-b317-38f9d35ea60f.png,normal,False,iv
430,/iv/ae5fa2fe-ce5d-11eb-b317-38f9d35ea60f.png,normal,False,iv
431,/iv/ae601644-ce5d-11eb-b317-38f9d35ea60f.png,normal,False,iv
432,/iv/ae608c28-ce5d-11eb-b317-38f9d35ea60f.png,normal,False,iv
433,/iv/ae612412-ce5d-11eb-b317-38f9d35ea60f.png,normal,False,iv
434,/iv/ae62986a-ce5d-11eb-b317-38f9d35ea60f.png,normal,False,iv
435,/iv/ae631916-ce5d-11eb-b317-38f9d35ea60f.png,normal,False,iv
436,/iv/ae63b3c6-ce5d-11eb-b317-38f9d35ea60f.png,outlier,True,iv
437,/iv/ae646c80-ce5d-11eb-b317-38f9d35ea60f.png,normal,False,iv
438,/iv/ae64e94e-ce5d-11eb-b317-38f9d35ea60f.png,normal,False,iv
439,/iv/ae656086-ce5d-11eb-b317-38f9d35ea60f.png,normal,False,iv
440,/iv/ae65d750-ce5d-11eb-b317-38f9d35ea60f.png,normal,False,iv
441,/iv/ae6672fa-ce5d-11eb-b317-38f9d35ea60f.png,normal,False,iv
442,/iv/ae66f694-ce5d-11eb-b317-38f9d35ea60f.png,normal,False,iv
443,/iv/ae677d26-ce5d-11eb-b317-38f9d35ea60f.png,normal,False,iv
444,/iv/ae67fc06-ce5d-11eb-b317-38f9d35ea60f.png,normal,False,iv
445,/iv/ae6877d0-ce5d-11eb-b317-38f9d35ea60f.png,normal,False,iv
446,/iv/ae690c9a-ce5d-11eb-b317-38f9d35ea60f.png,normal,False,iv
447,/iv/ae698b3e-ce5d-11eb-b317-38f9d35ea60f.png,normal,False,iv
448,/iv/ae6a1bda-ce5d-11eb-b317-38f9d35ea60f.png,normal,False,iv
449,/iv/ae6aa67c-ce5d-11eb-b317-38f9d35ea60f.png,normal,False,iv
450,/iv/ae6b2cdc-ce5d-11eb-b317-38f9d35ea60f.png,normal,False,iv
451,/iv/ae6bfc70-ce5d-11eb-b317-38f9d35ea60f.png,normal,False,iv
452,/iv/ae6cabc0-ce5d-11eb-b317-38f9d35ea60f.png,outlier,True,iv
453,/iv/ae6dfac0-ce5d-11eb-b317-38f9d35ea60f.png,normal,False,iv
454,/iv/ae6ea812-ce5d-11eb-b317-38f9d35ea60f.png,normal,False,iv
455,/iv/ae6f1bda-ce5d-11eb-b317-38f9d35ea60f.png,normal,False,iv
456,/iv/ae6f8f5c-ce5d-11eb-b317-38f9d35ea60f.png,normal,False,iv
457,/iv/ae7010e4-ce5d-11eb-b317-38f9d35ea60f.png,normal,False,iv
458,/iv/ae70ba58-ce5d-11eb-b317-38f9d35ea60f.png,normal,False,iv
459,/iv/ae71463a-ce5d-11eb-b317-38f9d35ea60f.png,normal,False,iv
460,/iv/ae71c38a-ce5d-11eb-b317-38f9d35ea60f.png,outlier,True,iv
461,/iv/ae731d3e-ce5d-11eb-b317-38f9d35ea60f.png,normal,False,iv
462,/iv/ae73c388-ce5d-11eb-b317-38f9d35ea60f.png,normal,False,iv
463,/iv/ae743e12-ce5d-11eb-b317-38f9d35ea60f.png,outlier,True,iv
464,/iv/ae74ad3e-ce5d-11eb-b317-38f9d35ea60f.png,normal,False,iv
465,/iv/ae75dd1c-ce5d-11eb-b317-38f9d35ea60f.png,normal,False,iv
466,/iv/ae766ad4-ce5d-11eb-b317-38f9d35ea60f.png,normal,False,iv
467,/iv/ae76ecde-ce5d-11eb-b317-38f9d35ea60f.png,normal,False,iv
468,/iv/ae776fd8-ce5d-11eb-b317-38f9d35ea60f.png,normal,False,iv
469,/iv/ae77eda0-ce5d-11eb-b317-38f9d35ea60f.png,normal,False,iv
470,/iv/ae78a164-ce5d-11eb-b317-38f9d35ea60f.png,normal,False,iv
471,/iv/ae792152-ce5d-11eb-b317-38f9d35ea60f.png,normal,False,iv
472,/iv/ae79a3de-ce5d-11eb-b317-38f9d35ea60f.png,normal,False,iv
473,/iv/ae7a2b2e-ce5d-11eb-b317-38f9d35ea60f.png,normal,False,iv
474,/iv/ae7ac84a-ce5d-11eb-b317-38f9d35ea60f.png,normal,False,iv
475,/iv/ae7b6688-ce5d-11eb-b317-38f9d35ea60f.png,normal,False,iv
476,/iv/ae7bfb8e-ce5d-11eb-b317-38f9d35ea60f.png,normal,False,iv
477,/iv/ae7cec06-ce5d-11eb-b317-38f9d35ea60f.png,normal,False,iv
478,/iv/ae7e4d58-ce5d-11eb-b317-38f9d35ea60f.png,normal,False,iv
479,/iv/ae7f1d0a-ce5d-11eb-b317-38f9d35ea60f.png,normal,False,iv
480,/iv/ae7fab94-ce5d-11eb-b317-38f9d35ea60f.png,normal,False,iv
481,/iv/ae803a0a-ce5d-11eb-b317-38f9d35ea60f.png,normal,False,iv
482,/iv/ae80d1ae-ce5d-11eb-b317-38f9d35ea60f.png,normal,False,iv
483,/iv/ae817866-ce5d-11eb-b317-38f9d35ea60f.png,outlier,True,iv
484,/iv/ae820cc2-ce5d-11eb-b317-38f9d35ea60f.png,normal,False,iv
485,/iv/ae82dddc-ce5d-11eb-b317-38f9d35ea60f.png,normal,False,iv
486,/iv/ae835f00-ce5d-11eb-b317-38f9d35ea60f.png,normal,False,iv
487,/iv/ae83d41c-ce5d-11eb-b317-38f9d35ea60f.png,normal,False,iv
488,/iv/ae844c9e-ce5d-11eb-b317-38f9d35ea60f.png,normal,False,iv
489,/iv/ae84df2e-ce5d-11eb-b317-38f9d35ea60f.png,normal,False,iv
490,/iv/ae862a32-ce5d-11eb-b317-38f9d35ea60f.png,normal,False,iv
491,/iv/ae86a822-ce5d-11eb-b317-38f9d35ea60f.png,normal,False,iv
492,/iv/ae8746e2-ce5d-11eb-b317-38f9d35ea60f.png,normal,False,iv
493,/iv/ae87efca-ce5d-11eb-b317-38f9d35ea60f.png,normal,False,iv
494,/iv/ae887ed6-ce5d-11eb-b317-38f9d35ea60f.png,normal,False,iv
495,/iv/ae898f9c-ce5d-11eb-b317-38f9d35ea60f.png,normal,False,iv
496,/iv/ae8a5486-ce5d-11eb-b317-38f9d35ea60f.png,normal,False,iv
497,/iv/ae8adc26-ce5d-11eb-b317-38f9d35ea60f.png,normal,False,iv
498,/iv/ae8b5cdc-ce5d-11eb-b317-38f9d35ea60f.png,normal,False,iv
499,/iv/ae8bf94e-ce5d-11eb-b317-38f9d35ea60f.png,normal,False,iv
500,/ix/ae8d2b34-ce5d-11eb-b317-38f9d35ea60f.png,normal,False,ix
501,/ix/ae8e1878-ce5d-11eb-b317-38f9d35ea60f.png,normal,False,ix
502,/ix/ae8e92da-ce5d-11eb-b317-38f9d35ea60f.png,normal,False,ix
503,/ix/ae8f60de-ce5d-11eb-b317-38f9d35ea60f.png,normal,False,ix
504,/ix/ae8fe7c0-ce5d-11eb-b317-38f9d35ea60f.png,normal,False,ix
505,/ix/ae90fb74-ce5d-11eb-b317-38f9d35ea60f.png,normal,False,ix
506,/ix/ae91d904-ce5d-11eb-b317-38f9d35ea60f.png,normal,False,ix
507,/ix/ae926b94-ce5d-11eb-b317-38f9d35ea60f.png,normal,False,ix
508,/ix/ae92e2b8-ce5d-11eb-b317-38f9d35ea60f.png,normal,False,ix
509,/ix/ae935784-ce5d-11eb-b317-38f9d35ea60f.png,normal,False,ix
510,/ix/ae93dcea-ce5d-11eb-b317-38f9d35ea60f.png,normal,False,ix
511,/ix/ae9508d6-ce5d-11eb-b317-38f9d35ea60f.png,normal,False,ix
512,/ix/ae9596d4-ce5d-11eb-b317-38f9d35ea60f.png,bad_label,False,ix
513,/ix/ae960fc4-ce5d-11eb-b317-38f9d35ea60f.png,normal,False,ix
514,/ix/ae9753de-ce5d-11eb-b317-38f9d35ea60f.png,normal,False,ix
515,/ix/ae987a98-ce5d-11eb-b317-38f9d35ea60f.png,normal,False,ix
516,/ix/ae992d4e-ce5d-11eb-b317-38f9d35ea60f.png,normal,False,ix
517,/ix/ae99c286-ce5d-11eb-b317-38f9d35ea60f.png,normal,False,ix
518,/ix/ae9abc2c-ce5d-11eb-b317-38f9d35ea60f.png,outlier,True,ix
519,/ix/ae9b4732-ce5d-11eb-b317-38f9d35ea60f.png,normal,False,ix
520,/ix/ae9c210c-ce5d-11eb-b317-38f9d35ea60f.png,normal,False,ix
521,/ix/ae9cb2b6-ce5d-11eb-b317-38f9d35ea60f.png,outlier,True,ix
522,/ix/ae9d228c-ce5d-11eb-b317-38f9d35ea60f.png,normal,False,ix
523,/ix/ae9dbd64-ce5d-11eb-b317-38f9d35ea60f.png,normal,False,ix
524,/ix/ae9e837a-ce5d-11eb-b317-38f9d35ea60f.png,normal,False,ix
525,/ix/ae9f1fec-ce5d-11eb-b317-38f9d35ea60f.png,normal,False,ix
526,/ix/ae9fc3b6-ce5d-11eb-b317-38f9d35ea60f.png,normal,False,ix
527,/ix/aea06834-ce5d-11eb-b317-38f9d35ea60f.png,normal,False,ix
528,/ix/aea0ff88-ce5d-11eb-b317-38f9d35ea60f.png,outlier,True,ix
529,/ix/aea19f7e-ce5d-11eb-b317-38f9d35ea60f.png,normal,False,ix
530,/ix/aea20d10-ce5d-11eb-b317-38f9d35ea60f.png,outlier,True,ix
531,/ix/aea28934-ce5d-11eb-b317-38f9d35ea60f.png,normal,False,ix
532,/ix/aea2ff9a-ce5d-11eb-b317-38f9d35ea60f.png,normal,False,ix
533,/ix/aea39cb6-ce5d-11eb-b317-38f9d35ea60f.png,normal,False,ix
534,/ix/aea40ffc-ce5d-11eb-b317-38f9d35ea60f.png,normal,False,ix
535,/ix/aea4a3c2-ce5d-11eb-b317-38f9d35ea60f.png,normal,False,ix
536,/ix/aea59dae-ce5d-11eb-b317-38f9d35ea60f.png,normal,False,ix
537,/ix/aea62a9e-ce5d-11eb-b317-38f9d35ea60f.png,outlier,True,ix
538,/ix/aea6b36a-ce5d-11eb-b317-38f9d35ea60f.png,normal,False,ix
539,/ix/aea73ad8-ce5d-11eb-b317-38f9d35ea60f.png,normal,False,ix
540,/ix/aea7bed6-ce5d-11eb-b317-38f9d35ea60f.png,normal,False,ix
541,/ix/aea8588c-ce5d-11eb-b317-38f9d35ea60f.png,normal,False,ix
542,/ix/aea8e8ec-ce5d-11eb-b317-38f9d35ea60f.png,normal,False,ix
543,/ix/aea96f9c-ce5d-11eb-b317-38f9d35ea60f.png,normal,False,ix
544,/ix/aea9e440-ce5d-11eb-b317-38f9d35ea60f.png,normal,False,ix
545,/ix/aeaa6ab4-ce5d-11eb-b317-38f9d35ea60f.png,normal,False,ix
546,/ix/aeab04ce-ce5d-11eb-b317-38f9d35ea60f.png,normal,False,ix
547,/ix/aeab7b98-ce5d-11eb-b317-38f9d35ea60f.png,normal,False,ix
548,/ix/aeac27be-ce5d-11eb-b317-38f9d35ea60f.png,normal,False,ix
549,/ix/aeacba9e-ce5d-11eb-b317-38f9d35ea60f.png,normal,False,ix
550,/ix/aead39ec-ce5d-11eb-b317-38f9d35ea60f.png,normal,False,ix
551,/ix/aeae0372-ce5d-11eb-b317-38f9d35ea60f.png,outlier,True,ix
552,/ix/aeae99f4-ce5d-11eb-b317-38f9d35ea60f.png,normal,False,ix
553,/ix/aeaf289c-ce5d-11eb-b317-38f9d35ea60f.png,outlier,True,ix
554,/ix/aeafc504-ce5d-11eb-b317-38f9d35ea60f.png,outlier,True,ix
555,/ix/aeb08eb2-ce5d-11eb-b317-38f9d35ea60f.png,bad_label,False,ix
556,/ix/aeb10b8a-ce5d-11eb-b317-38f9d35ea60f.png,normal,False,ix
557,/ix/aeb177a0-ce5d-11eb-b317-38f9d35ea60f.png,outlier,True,ix
558,/ix/aeb28406-ce5d-11eb-b317-38f9d35ea60f.png,normal,False,ix
559,/ix/aeb35124-ce5d-11eb-b317-38f9d35ea60f.png,normal,False,ix
560,/ix/aeb45d08-ce5d-11eb-b317-38f9d35ea60f.png,normal,False,ix
561,/ix/aeb4db02-ce5d-11eb-b317-38f9d35ea60f.png,normal,False,ix
562,/ix/aeb59b6e-ce5d-11eb-b317-38f9d35ea60f.png,normal,False,ix
563,/ix/aeb61f30-ce5d-11eb-b317-38f9d35ea60f.png,outlier,True,ix
564,/ix/aeb6b26a-ce5d-11eb-b317-38f9d35ea60f.png,normal,False,ix
565,/ix/aeb73226-ce5d-11eb-b317-38f9d35ea60f.png,normal,False,ix
566,/ix/aeb7deec-ce5d-11eb-b317-38f9d35ea60f.png,normal,False,ix
567,/ix/aeb86254-ce5d-11eb-b317-38f9d35ea60f.png,normal,False,ix
568,/ix/aeb8dd7e-ce5d-11eb-b317-38f9d35ea60f.png,normal,False,ix
569,/ix/aeb95d6c-ce5d-11eb-b317-38f9d35ea60f.png,normal,False,ix
570,/ix/aeb9e0d4-ce5d-11eb-b317-38f9d35ea60f.png,normal,False,ix
571,/ix/aebaebd2-ce5d-11eb-b317-38f9d35ea60f.png,normal,False,ix
572,/ix/aebb5932-ce5d-11eb-b317-38f9d35ea60f.png,normal,False,ix
573,/ix/aebc03be-ce5d-11eb-b317-38f9d35ea60f.png,normal,False,ix
574,/ix/aebc97a2-ce5d-11eb-b317-38f9d35ea60f.png,normal,False,ix
575,/ix/aebe0916-ce5d-11eb-b317-38f9d35ea60f.png,normal,False,ix
576,/ix/aebe9958-ce5d-11eb-b317-38f9d35ea60f.png,normal,False,ix
577,/ix/aebf236e-ce5d-11eb-b317-38f9d35ea60f.png,normal,False,ix
578,/ix/aebfc8d2-ce5d-11eb-b317-38f9d35ea60f.png,normal,False,ix
579,/ix/aec0bbfc-ce5d-11eb-b317-38f9d35ea60f.png,outlier,True,ix
580,/ix/aec13410-ce5d-11eb-b317-38f9d35ea60f.png,normal,False,ix
581,/ix/aec1ad82-ce5d-11eb-b317-38f9d35ea60f.png,normal,False,ix
582,/ix/aec28824-ce5d-11eb-b317-38f9d35ea60f.png,outlier,True,ix
583,/ix/aec31726-ce5d-11eb-b317-38f9d35ea60f.png,normal,False,ix
584,/ix/aec387c4-ce5d-11eb-b317-38f9d35ea60f.png,normal,False,ix
585,/ix/aec48e6c-ce5d-11eb-b317-38f9d35ea60f.png,outlier,True,ix
586,/ix/aec50bd0-ce5d-11eb-b317-38f9d35ea60f.png,normal,False,ix
587,/ix/aec62c86-ce5d-11eb-b317-38f9d35ea60f.png,outlier,True,ix
588,/ix/aec78540-ce5d-11eb-b317-38f9d35ea60f.png,normal,False,ix
589,/ix/aec8178a-ce5d-11eb-b317-38f9d35ea60f.png,normal,False,ix
590,/ix/aec8cedc-ce5d-11eb-b317-38f9d35ea60f.png,normal,False,ix
591,/ix/aec96324-ce5d-11eb-b317-38f9d35ea60f.png,normal,False,ix
592,/ix/aec9ebf0-ce5d-11eb-b317-38f9d35ea60f.png,normal,False,ix
593,/ix/aeca5a54-ce5d-11eb-b317-38f9d35ea60f.png,normal,False,ix
594,/ix/aecac3ae-ce5d-11eb-b317-38f9d35ea60f.png,normal,False,ix
595,/ix/aecb5472-ce5d-11eb-b317-38f9d35ea60f.png,normal,False,ix
596,/ix/aecc1b78-ce5d-11eb-b317-38f9d35ea60f.png,normal,False,ix
597,/ix/aeccba56-ce5d-11eb-b317-38f9d35ea60f.png,normal,False,ix
598,/ix/aecde980-ce5d-11eb-b317-38f9d35ea60f.png,normal,False,ix
599,/ix/aece9c40-ce5d-11eb-b317-38f9d35ea60f.png,normal,False,ix
600,/ix/aecf5a22-ce5d-11eb-b317-38f9d35ea60f.png,bad_label,False,ix
601,/ix/aecfceb2-ce5d-11eb-b317-38f9d35ea60f.png,normal,False,ix
602,/ix/aed037da-ce5d-11eb-b317-38f9d35ea60f.png,outlier,True,ix
603,/ix/aed16d6c-ce5d-11eb-b317-38f9d35ea60f.png,normal,False,ix
604,/ix/aed24c00-ce5d-11eb-b317-38f9d35ea60f.png,normal,False,ix
605,/ix/aed3361a-ce5d-11eb-b317-38f9d35ea60f.png,normal,False,ix
606,/ix/aed4225a-ce5d-11eb-b317-38f9d35ea60f.png,normal,False,ix
607,/ix/aed50652-ce5d-11eb-b317-38f9d35ea60f.png,normal,False,ix
608,/ix/aed59888-ce5d-11eb-b317-38f9d35ea60f.png,bad_label,False,ix
609,/ix/aed64774-ce5d-11eb-b317-38f9d35ea60f.png,normal,False,ix
610,/ix/aed7036c-ce5d-11eb-b317-38f9d35ea60f.png,outlier,True,ix
611,/ix/aed78710-ce5d-11eb-b317-38f9d35ea60f.png,normal,False,ix
612,/ix/aed80faa-ce5d-11eb-b317-38f9d35ea60f.png,normal,False,ix
613,/ix/aed891f0-ce5d-11eb-b317-38f9d35ea60f.png,normal,False,ix
614,/ix/aed91698-ce5d-11eb-b317-38f9d35ea60f.png,normal,False,ix
615,/ix/aed98916-ce5d-11eb-b317-38f9d35ea60f.png,normal,False,ix
616,/ix/aed9fd10-ce5d-11eb-b317-38f9d35ea60f.png,normal,False,ix
617,/ix/aeda7718-ce5d-11eb-b317-38f9d35ea60f.png,normal,False,ix
618,/ix/aedb4652-ce5d-11eb-b317-38f9d35ea60f.png,normal,False,ix
619,/ix/aedbf25a-ce5d-11eb-b317-38f9d35ea60f.png,normal,False,ix
620,/ix/aedd2b20-ce5d-11eb-b317-38f9d35ea60f.png,normal,False,ix
621,/ix/aeddc382-ce5d-11eb-b317-38f9d35ea60f.png,normal,False,ix
622,/ix/aede8826-ce5d-11eb-b317-38f9d35ea60f.png,normal,False,ix
623,/ix/aedf0530-ce5d-11eb-b317-38f9d35ea60f.png,normal,False,ix
624,/ix/aedf763c-ce5d-11eb-b317-38f9d35ea60f.png,normal,False,ix
625,/ix/aedfe8ec-ce5d-11eb-b317-38f9d35ea60f.png,normal,False,ix
626,/ix/aee0a3f4-ce5d-11eb-b317-38f9d35ea60f.png,normal,False,ix
627,/ix/aee1ddd2-ce5d-11eb-b317-38f9d35ea60f.png,normal,False,ix
628,/ix/aee25316-ce5d-11eb-b317-38f9d35ea60f.png,normal,False,ix
629,/ix/aee3804c-ce5d-11eb-b317-38f9d35ea60f.png,normal,False,ix
630,/ix/aee407d8-ce5d-11eb-b317-38f9d35ea60f.png,normal,False,ix
631,/ix/aee52db6-ce5d-11eb-b317-38f9d35ea60f.png,normal,False,ix
632,/ix/aee5e71a-ce5d-11eb-b317-38f9d35ea60f.png,normal,False,ix
633,/ix/aee679a0-ce5d-11eb-b317-38f9d35ea60f.png,normal,False,ix
634,/ix/aee6eafc-ce5d-11eb-b317-38f9d35ea60f.png,normal,False,ix
635,/ix/aee75d84-ce5d-11eb-b317-38f9d35ea60f.png,outlier,True,ix
636,/ix/aee80540-ce5d-11eb-b317-38f9d35ea60f.png,normal,False,ix
637,/ix/aee8929e-ce5d-11eb-b317-38f9d35ea60f.png,outlier,True,ix
638,/ix/aee90d32-ce5d-11eb-b317-38f9d35ea60f.png,outlier,True,ix
639,/ix/aeeafd04-ce5d-11eb-b317-38f9d35ea60f.png,normal,False,ix
640,/ix/aeebc1da-ce5d-11eb-b317-38f9d35ea60f.png,outlier,True,ix
641,/ix/aeecd138-ce5d-11eb-b317-38f9d35ea60f.png,normal,False,ix
642,/ix/aeed96ae-ce5d-11eb-b317-38f9d35ea60f.png,normal,False,ix
643,/ix/aeee2b96-ce5d-11eb-b317-38f9d35ea60f.png,normal,False,ix
644,/ix/aeeea8c8-ce5d-11eb-b317-38f9d35ea60f.png,normal,False,ix
645,/ix/aef006aa-ce5d-11eb-b317-38f9d35ea60f.png,normal,False,ix
646,/ix/aef0831e-ce5d-11eb-b317-38f9d35ea60f.png,normal,False,ix
647,/ix/aef10366-ce5d-11eb-b317-38f9d35ea60f.png,outlier,True,ix
648,/ix/aef17d1e-ce5d-11eb-b317-38f9d35ea60f.png,outlier,True,ix
649,/ix/aef20252-ce5d-11eb-b317-38f9d35ea60f.png,normal,False,ix
650,/ix/aef28b46-ce5d-11eb-b317-38f9d35ea60f.png,normal,False,ix
651,/ix/aef30de6-ce5d-11eb-b317-38f9d35ea60f.png,normal,False,ix
652,/ix/aef3acf6-ce5d-11eb-b317-38f9d35ea60f.png,normal,False,ix
653,/ix/aef43b9e-ce5d-11eb-b317-38f9d35ea60f.png,outlier,True,ix
654,/ix/aef4da72-ce5d-11eb-b317-38f9d35ea60f.png,normal,False,ix
655,/ix/aef566a4-ce5d-11eb-b317-38f9d35ea60f.png,normal,False,ix
656,/ix/aef5e1ec-ce5d-11eb-b317-38f9d35ea60f.png,normal,False,ix
657,/ix/aef6f596-ce5d-11eb-b317-38f9d35ea60f.png,normal,False,ix
658,/ix/aef7ab9e-ce5d-11eb-b317-38f9d35ea60f.png,normal,False,ix
659,/ix/aef82754-ce5d-11eb-b317-38f9d35ea60f.png,normal,False,ix
660,/ix/aef8934c-ce5d-11eb-b317-38f9d35ea60f.png,normal,False,ix
661,/ix/aef9098a-ce5d-11eb-b317-38f9d35ea60f.png,normal,False,ix
662,/ix/aef9fa84-ce5d-11eb-b317-38f9d35ea60f.png,normal,False,ix
663,/ix/aefabef6-ce5d-11eb-b317-38f9d35ea60f.png,normal,False,ix
664,/ix/aefb7f80-ce5d-11eb-b317-38f9d35ea60f.png,normal,False,ix
665,/ix/aefc1dd2-ce5d-11eb-b317-38f9d35ea60f.png,outlier,True,ix
666,/ix/aefe0516-ce5d-11eb-b317-38f9d35ea60f.png,normal,False,ix
667,/ix/aefe76ae-ce5d-11eb-b317-38f9d35ea60f.png,normal,False,ix
668,/ix/aeff7e50-ce5d-11eb-b317-38f9d35ea60f.png,outlier,True,ix
669,/ix/af000d5c-ce5d-11eb-b317-38f9d35ea60f.png,normal,False,ix
670,/ix/af010004-ce5d-11eb-b317-38f9d35ea60f.png,normal,False,ix
671,/ix/af01b09e-ce5d-11eb-b317-38f9d35ea60f.png,normal,False,ix
672,/ix/af0235dc-ce5d-11eb-b317-38f9d35ea60f.png,normal,False,ix
673,/ix/af02c7d6-ce5d-11eb-b317-38f9d35ea60f.png,normal,False,ix
674,/ix/af034cce-ce5d-11eb-b317-38f9d35ea60f.png,normal,False,ix
675,/ix/af050bc2-ce5d-11eb-b317-38f9d35ea60f.png,normal,False,ix
676,/ix/af060978-ce5d-11eb-b317-38f9d35ea60f.png,normal,False,ix
677,/ix/af06a09a-ce5d-11eb-b317-38f9d35ea60f.png,normal,False,ix
678,/ix/af0727f4-ce5d-11eb-b317-38f9d35ea60f.png,normal,False,ix
679,/ix/af079978-ce5d-11eb-b317-38f9d35ea60f.png,normal,False,ix
680,/ix/af080ef8-ce5d-11eb-b317-38f9d35ea60f.png,outlier,True,ix
681,/ix/af088252-ce5d-11eb-b317-38f9d35ea60f.png,normal,False,ix
682,/ix/af090ff6-ce5d-11eb-b317-38f9d35ea60f.png,normal,False,ix
683,/ix/af099fca-ce5d-11eb-b317-38f9d35ea60f.png,normal,False,ix
684,/ix/af0a2e04-ce5d-11eb-b317-38f9d35ea60f.png,normal,False,ix
685,/ix/af0aea1a-ce5d-11eb-b317-38f9d35ea60f.png,normal,False,ix
686,/ix/af0c59cc-ce5d-11eb-b317-38f9d35ea60f.png,normal,False,ix
687,/ix/af0d421a-ce5d-11eb-b317-38f9d35ea60f.png,normal,False,ix
688,/ix/af0db038-ce5d-11eb-b317-38f9d35ea60f.png,normal,False,ix
689,/ix/af0e3bc0-ce5d-11eb-b317-38f9d35ea60f.png,normal,False,ix
690,/ix/af0ec568-ce5d-11eb-b317-38f9d35ea60f.png,outlier,True,ix
691,/ix/af0fbf68-ce5d-11eb-b317-38f9d35ea60f.png,normal,False,ix
692,/ix/af104a28-ce5d-11eb-b317-38f9d35ea60f.png,normal,False,ix
693,/ix/af10fb8a-ce5d-11eb-b317-38f9d35ea60f.png,normal,False,ix
694,/ix/af1186cc-ce5d-11eb-b317-38f9d35ea60f.png,normal,False,ix
695,/ix/af1219c0-ce5d-11eb-b317-38f9d35ea60f.png,normal,False,ix
696,/ix/af12a26e-ce5d-11eb-b317-38f9d35ea60f.png,outlier,True,ix
697,/ix/af138abc-ce5d-11eb-b317-38f9d35ea60f.png,normal,False,ix
698,/ix/af141310-ce5d-11eb-b317-38f9d35ea60f.png,normal,False,ix
699,/ix/af149164-ce5d-11eb-b317-38f9d35ea60f.png,outlier,True,ix
700,/v/af16062a-ce5d-11eb-b317-38f9d35ea60f.png,normal,False,v
701,/v/af1693b0-ce5d-11eb-b317-38f9d35ea60f.png,normal,False,v
702,/v/af170778-ce5d-11eb-b317-38f9d35ea60f.png,normal,False,v
703,/v/af17776c-ce5d-11eb-b317-38f9d35ea60f.png,normal,False,v
704,/v/af180114-ce5d-11eb-b317-38f9d35ea60f.png,normal,False,v
705,/v/af18ee4e-ce5d-11eb-b317-38f9d35ea60f.png,normal,False,v
706,/v/af19717a-ce5d-11eb-b317-38f9d35ea60f.png,normal,False,v
707,/v/af1a020c-ce5d-11eb-b317-38f9d35ea60f.png,normal,False,v
708,/v/af1abe40-ce5d-11eb-b317-38f9d35ea60f.png,normal,False,v
709,/v/af1b96f8-ce5d-11eb-b317-38f9d35ea60f.png,normal,False,v
710,/v/af1c12fe-ce5d-11eb-b317-38f9d35ea60f.png,normal,False,v
711,/v/af1d363e-ce5d-11eb-b317-38f9d35ea60f.png,normal,False,v
712,/v/af1e5bae-ce5d-11eb-b317-38f9d35ea60f.png,normal,False,v
713,/v/af1eeefc-ce5d-11eb-b317-38f9d35ea60f.png,normal,False,v
714,/v/af1f7480-ce5d-11eb-b317-38f9d35ea60f.png,normal,False,v
715,/v/af20072e-ce5d-11eb-b317-38f9d35ea60f.png,normal,False,v
716,/v/af225efc-ce5d-11eb-b317-38f9d35ea60f.png,normal,False,v
717,/v/af22eb42-ce5d-11eb-b317-38f9d35ea60f.png,normal,False,v
718,/v/af23763e-ce5d-11eb-b317-38f9d35ea60f.png,normal,False,v
719,/v/af23fcb2-ce5d-11eb-b317-38f9d35ea60f.png,outlier,True,v
720,/v/af24983e-ce5d-11eb-b317-38f9d35ea60f.png,normal,False,v
721,/v/af2524e8-ce5d-11eb-b317-38f9d35ea60f.png,normal,False,v
722,/v/af25a03a-ce5d-11eb-b317-38f9d35ea60f.png,normal,False,v
723,/v/af261240-ce5d-11eb-b317-38f9d35ea60f.png,normal,False,v
724,/v/af26828e-ce5d-11eb-b317-38f9d35ea60f.png,normal,False,v
725,/v/af26fff2-ce5d-11eb-b317-38f9d35ea60f.png,normal,False,v
726,/v/af27a506-ce5d-11eb-b317-38f9d35ea60f.png,normal,False,v
727,/v/af282ce2-ce5d-11eb-b317-38f9d35ea60f.png,normal,False,v
728,/v/af29752a-ce5d-11eb-b317-38f9d35ea60f.png,normal,False,v
729,/v/af2a3230-ce5d-11eb-b317-38f9d35ea60f.png,outlier,True,v
730,/v/af2af2c4-ce5d-11eb-b317-38f9d35ea60f.png,normal,False,v
731,/v/af2b7636-ce5d-11eb-b317-38f9d35ea60f.png,normal,False,v
732,/v/af2bedfa-ce5d-11eb-b317-38f9d35ea60f.png,outlier,True,v
733,/v/af2c7ebe-ce5d-11eb-b317-38f9d35ea60f.png,normal,False,v
734,/v/af2d0f3c-ce5d-11eb-b317-38f9d35ea60f.png,normal,False,v
735,/v/af2da19a-ce5d-11eb-b317-38f9d35ea60f.png,normal,False,v
736,/v/af2e31b4-ce5d-11eb-b317-38f9d35ea60f.png,normal,False,v
737,/v/af2ea41e-ce5d-11eb-b317-38f9d35ea60f.png,outlier,True,v
738,/v/af308ba8-ce5d-11eb-b317-38f9d35ea60f.png,normal,False,v
739,/v/af31121c-ce5d-11eb-b317-38f9d35ea60f.png,normal,False,v
740,/v/af31a0ec-ce5d-11eb-b317-38f9d35ea60f.png,normal,False,v
741,/v/af322864-ce5d-11eb-b317-38f9d35ea60f.png,outlier,True,v
742,/v/af32da84-ce5d-11eb-b317-38f9d35ea60f.png,normal,False,v
743,/v/af3359d2-ce5d-11eb-b317-38f9d35ea60f.png,normal,False,v
744,/v/af33e12c-ce5d-11eb-b317-38f9d35ea60f.png,normal,False,v
745,/v/af34925c-ce5d-11eb-b317-38f9d35ea60f.png,outlier,True,v
746,/v/af3512e0-ce5d-11eb-b317-38f9d35ea60f.png,normal,False,v
747,/v/af366c44-ce5d-11eb-b317-38f9d35ea60f.png,normal,False,v
748,/v/af37256c-ce5d-11eb-b317-38f9d35ea60f.png,normal,False,v
749,/v/af37abae-ce5d-11eb-b317-38f9d35ea60f.png,normal,False,v
750,/v/af384dfc-ce5d-11eb-b317-38f9d35ea60f.png,normal,False,v
751,/v/af38e708-ce5d-11eb-b317-38f9d35ea60f.png,normal,False,v
752,/v/af39cbbe-ce5d-11eb-b317-38f9d35ea60f.png,normal,False,v
753,/v/af3b9a20-ce5d-11eb-b317-38f9d35ea60f.png,normal,False,v
754,/v/af3c6e78-ce5d-11eb-b317-38f9d35ea60f.png,normal,False,v
755,/v/af3d0db0-ce5d-11eb-b317-38f9d35ea60f.png,outlier,True,v
756,/v/af3d9596-ce5d-11eb-b317-38f9d35ea60f.png,normal,False,v
757,/v/af3e11a6-ce5d-11eb-b317-38f9d35ea60f.png,normal,False,v
758,/v/af3e9ce8-ce5d-11eb-b317-38f9d35ea60f.png,normal,False,v
759,/v/af3f2b2c-ce5d-11eb-b317-38f9d35ea60f.png,normal,False,v
760,/v/af3fbaa6-ce5d-11eb-b317-38f9d35ea60f.png,normal,False,v
761,/v/af4040e8-ce5d-11eb-b317-38f9d35ea60f.png,normal,False,v
762,/v/af419a4c-ce5d-11eb-b317-38f9d35ea60f.png,normal,False,v
763,/v/af4288d0-ce5d-11eb-b317-38f9d35ea60f.png,normal,False,v
764,/v/af43e112-ce5d-11eb-b317-38f9d35ea60f.png,normal,False,v
765,/v/af448a86-ce5d-11eb-b317-38f9d35ea60f.png,normal,False,v
766,/v/af451cee-ce5d-11eb-b317-38f9d35ea60f.png,normal,False,v
767,/v/af45a308-ce5d-11eb-b317-38f9d35ea60f.png,normal,False,v
768,/v/af47aec8-ce5d-11eb-b317-38f9d35ea60f.png,outlier,True,v
769,/v/af483ef6-ce5d-11eb-b317-38f9d35ea60f.png,normal,False,v
770,/v/af490642-ce5d-11eb-b317-38f9d35ea60f.png,normal,False,v
771,/v/af49be20-ce5d-11eb-b317-38f9d35ea60f.png,normal,False,v
772,/v/af4a4e9e-ce5d-11eb-b317-38f9d35ea60f.png,normal,False,v
773,/v/af4c15a8-ce5d-11eb-b317-38f9d35ea60f.png,normal,False,v
774,/v/af4cd8d0-ce5d-11eb-b317-38f9d35ea60f.png,normal,False,v
775,/v/af4d7222-ce5d-11eb-b317-38f9d35ea60f.png,normal,False,v
776,/v/af4e125e-ce5d-11eb-b317-38f9d35ea60f.png,normal,False,v
777,/v/af4f4b7e-ce5d-11eb-b317-38f9d35ea60f.png,normal,False,v
778,/v/af51baee-ce5d-11eb-b317-38f9d35ea60f.png,normal,False,v
779,/v/af52e734-ce5d-11eb-b317-38f9d35ea60f.png,normal,False,v
780,/v/af538e46-ce5d-11eb-b317-38f9d35ea60f.png,normal,False,v
781,/v/af541cc6-ce5d-11eb-b317-38f9d35ea60f.png,normal,False,v
782,/v/af55fac8-ce5d-11eb-b317-38f9d35ea60f.png,normal,False,v
783,/v/af56a220-ce5d-11eb-b317-38f9d35ea60f.png,normal,False,v
784,/v/af57414e-ce5d-11eb-b317-38f9d35ea60f.png,normal,False,v
785,/v/af58bb64-ce5d-11eb-b317-38f9d35ea60f.png,normal,False,v
786,/v/af596244-ce5d-11eb-b317-38f9d35ea60f.png,normal,False,v
787,/v/af5a049c-ce5d-11eb-b317-38f9d35ea60f.png,normal,False,v
788,/v/af5afdf2-ce5d-11eb-b317-38f9d35ea60f.png,normal,False,v
789,/v/af5be65e-ce5d-11eb-b317-38f9d35ea60f.png,normal,False,v
790,/v/af5cef54-ce5d-11eb-b317-38f9d35ea60f.png,normal,False,v
791,/v/af5e4a98-ce5d-11eb-b317-38f9d35ea60f.png,normal,False,v
792,/v/af5ecf68-ce5d-11eb-b317-38f9d35ea60f.png,normal,False,v
793,/v/af5fb19e-ce5d-11eb-b317-38f9d35ea60f.png,normal,False,v
794,/v/af60e528-ce5d-11eb-b317-38f9d35ea60f.png,normal,False,v
795,/v/af6181fe-ce5d-11eb-b317-38f9d35ea60f.png,normal,False,v
796,/v/af621452-ce5d-11eb-b317-38f9d35ea60f.png,normal,False,v
797,/v/af62c5a0-ce5d-11eb-b317-38f9d35ea60f.png,normal,False,v
798,/v/af634804-ce5d-11eb-b317-38f9d35ea60f.png,normal,False,v
799,/v/af63c504-ce5d-11eb-b317-38f9d35ea60f.png,normal,False,v
800,/v/af64ea88-ce5d-11eb-b317-38f9d35ea60f.png,normal,False,v
801,/v/af656dc8-ce5d-11eb-b317-38f9d35ea60f.png,normal,False,v
802,/v/af66b11a-ce5d-11eb-b317-38f9d35ea60f.png,normal,False,v
803,/v/af678018-ce5d-11eb-b317-38f9d35ea60f.png,normal,False,v
804,/v/af681280-ce5d-11eb-b317-38f9d35ea60f.png,normal,False,v
805,/v/af68888c-ce5d-11eb-b317-38f9d35ea60f.png,normal,False,v
806,/v/af691824-ce5d-11eb-b317-38f9d35ea60f.png,outlier,True,v
807,/v/af69bf72-ce5d-11eb-b317-38f9d35ea60f.png,normal,False,v
808,/v/af6a58ba-ce5d-11eb-b317-38f9d35ea60f.png,normal,False,v
809,/v/af6b0f8a-ce5d-11eb-b317-38f9d35ea60f.png,normal,False,v
810,/v/af6b9568-ce5d-11eb-b317-38f9d35ea60f.png,normal,False,v
811,/v/af6d28d8-ce5d-11eb-b317-38f9d35ea60f.png,normal,False,v
812,/v/af6e3228-ce5d-11eb-b317-38f9d35ea60f.png,normal,False,v
813,/v/af6eb9c8-ce5d-11eb-b317-38f9d35ea60f.png,normal,False,v
814,/v/af6f46d6-ce5d-11eb-b317-38f9d35ea60f.png,normal,False,v
815,/v/af6fd0e2-ce5d-11eb-b317-38f9d35ea60f.png,normal,False,v
816,/v/af70440a-ce5d-11eb-b317-38f9d35ea60f.png,normal,False,v
817,/v/af70be76-ce5d-11eb-b317-38f9d35ea60f.png,normal,False,v
818,/v/af7147c4-ce5d-11eb-b317-38f9d35ea60f.png,normal,False,v
819,/v/af7250e2-ce5d-11eb-b317-38f9d35ea60f.png,normal,False,v
820,/v/af72cc3e-ce5d-11eb-b317-38f9d35ea60f.png,normal,False,v
821,/v/af734c18-ce5d-11eb-b317-38f9d35ea60f.png,normal,False,v
822,/v/af73cf80-ce5d-11eb-b317-38f9d35ea60f.png,normal,False,v
823,/v/af74622e-ce5d-11eb-b317-38f9d35ea60f.png,normal,False,v
824,/v/af751782-ce5d-11eb-b317-38f9d35ea60f.png,normal,False,v
825,/v/af75a418-ce5d-11eb-b317-38f9d35ea60f.png,normal,False,v
826,/v/af7633ce-ce5d-11eb-b317-38f9d35ea60f.png,normal,False,v
827,/v/af773fbc-ce5d-11eb-b317-38f9d35ea60f.png,normal,False,v
828,/v/af77c36a-ce5d-11eb-b317-38f9d35ea60f.png,normal,False,v
829,/v/af783d0e-ce5d-11eb-b317-38f9d35ea60f.png,normal,False,v
830,/v/af7939de-ce5d-11eb-b317-38f9d35ea60f.png,outlier,True,v
831,/v/af79f612-ce5d-11eb-b317-38f9d35ea60f.png,normal,False,v
832,/v/af7a76a0-ce5d-11eb-b317-38f9d35ea60f.png,normal,False,v
833,/v/af7b0264-ce5d-11eb-b317-38f9d35ea60f.png,outlier,True,v
834,/v/af7bb060-ce5d-11eb-b317-38f9d35ea60f.png,normal,False,v
835,/v/af7ce55c-ce5d-11eb-b317-38f9d35ea60f.png,normal,False,v
836,/v/af7d78aa-ce5d-11eb-b317-38f9d35ea60f.png,normal,False,v
837,/v/af7e1878-ce5d-11eb-b317-38f9d35ea60f.png,normal,False,v
838,/v/af7eb49a-ce5d-11eb-b317-38f9d35ea60f.png,normal,False,v
839,/v/af80677c-ce5d-11eb-b317-38f9d35ea60f.png,normal,False,v
840,/v/af815830-ce5d-11eb-b317-38f9d35ea60f.png,normal,False,v
841,/v/af823a7a-ce5d-11eb-b317-38f9d35ea60f.png,normal,False,v
842,/v/af83c48a-ce5d-11eb-b317-38f9d35ea60f.png,normal,False,v
843,/v/af84a724-ce5d-11eb-b317-38f9d35ea60f.png,normal,False,v
844,/v/af85e102-ce5d-11eb-b317-38f9d35ea60f.png,normal,False,v
845,/v/af868dd2-ce5d-11eb-b317-38f9d35ea60f.png,normal,False,v
846,/v/af8710b8-ce5d-11eb-b317-38f9d35ea60f.png,normal,False,v
847,/v/af87995c-ce5d-11eb-b317-38f9d35ea60f.png,normal,False,v
848,/v/af882908-ce5d-11eb-b317-38f9d35ea60f.png,normal,False,v
849,/v/af896ae8-ce5d-11eb-b317-38f9d35ea60f.png,normal,False,v
850,/v/af89f68e-ce5d-11eb-b317-38f9d35ea60f.png,normal,False,v
851,/v/af8a7abe-ce5d-11eb-b317-38f9d35ea60f.png,normal,False,v
852,/v/af8c2364-ce5d-11eb-b317-38f9d35ea60f.png,normal,False,v
853,/v/af8ca136-ce5d-11eb-b317-38f9d35ea60f.png,normal,False,v
854,/v/af8e2dbc-ce5d-11eb-b317-38f9d35ea60f.png,normal,False,v
855,/v/af917f4e-ce5d-11eb-b317-38f9d35ea60f.png,normal,False,v
856,/v/af9306e8-ce5d-11eb-b317-38f9d35ea60f.png,normal,False,v
857,/v/af95b456-ce5d-11eb-b317-38f9d35ea60f.png,normal,False,v
858,/v/af962f6c-ce5d-11eb-b317-38f9d35ea60f.png,normal,False,v
859,/v/af96aa6e-ce5d-11eb-b317-38f9d35ea60f.png,normal,False,v
860,/v/af97200c-ce5d-11eb-b317-38f9d35ea60f.png,normal,False,v
861,/v/af97aa90-ce5d-11eb-b317-38f9d35ea60f.png,normal,False,v
862,/v/af9866ba-ce5d-11eb-b317-38f9d35ea60f.png,normal,False,v
863,/v/af991cae-ce5d-11eb-b317-38f9d35ea60f.png,normal,False,v
864,/vi/aab5755c-ce5d-11eb-b317-38f9d35ea60f.png,normal,False,vi
865,/vi/aab5e35c-ce5d-11eb-b317-38f9d35ea60f.png,normal,False,vi
866,/vi/aab834cc-ce5d-11eb-b317-38f9d35ea60f.png,outlier,True,vi
867,/vi/aab8e1f6-ce5d-11eb-b317-38f9d35ea60f.png,normal,False,vi
868,/vi/aaba9834-ce5d-11eb-b317-38f9d35ea60f.png,normal,False,vi
869,/vi/aabb1246-ce5d-11eb-b317-38f9d35ea60f.png,normal,False,vi
870,/vi/aabbb6b0-ce5d-11eb-b317-38f9d35ea60f.png,normal,False,vi
871,/vi/aabc46de-ce5d-11eb-b317-38f9d35ea60f.png,normal,False,vi
872,/vi/aabccc76-ce5d-11eb-b317-38f9d35ea60f.png,outlier,True,vi
873,/vi/aabd4cb4-ce5d-11eb-b317-38f9d35ea60f.png,normal,False,vi
874,/vi/aabe0262-ce5d-11eb-b317-38f9d35ea60f.png,normal,False,vi
875,/vi/aabec0da-ce5d-11eb-b317-38f9d35ea60f.png,normal,False,vi
876,/vi/aabfca2a-ce5d-11eb-b317-38f9d35ea60f.png,normal,False,vi
877,/vi/aac04d60-ce5d-11eb-b317-38f9d35ea60f.png,normal,False,vi
878,/vi/aac14288-ce5d-11eb-b317-38f9d35ea60f.png,normal,False,vi
879,/vi/aac1eb66-ce5d-11eb-b317-38f9d35ea60f.png,normal,False,vi
880,/vi/aac30988-ce5d-11eb-b317-38f9d35ea60f.png,normal,False,vi
881,/vi/aac3c1f2-ce5d-11eb-b317-38f9d35ea60f.png,normal,False,vi
882,/vi/aac4cc46-ce5d-11eb-b317-38f9d35ea60f.png,outlier,True,vi
883,/vi/aac55d5a-ce5d-11eb-b317-38f9d35ea60f.png,normal,False,vi
884,/vi/aac6e026-ce5d-11eb-b317-38f9d35ea60f.png,normal,False,vi
885,/vi/aac79bf6-ce5d-11eb-b317-38f9d35ea60f.png,normal,False,vi
886,/vi/aac8591a-ce5d-11eb-b317-38f9d35ea60f.png,normal,False,vi
887,/vi/aac95180-ce5d-11eb-b317-38f9d35ea60f.png,normal,False,vi
888,/vi/aac9f5cc-ce5d-11eb-b317-38f9d35ea60f.png,normal,False,vi
889,/vi/aaca803c-ce5d-11eb-b317-38f9d35ea60f.png,normal,False,vi
890,/vi/aacbc816-ce5d-11eb-b317-38f9d35ea60f.png,normal,False,vi
891,/vi/aacc417e-ce5d-11eb-b317-38f9d35ea60f.png,outlier,True,vi
892,/vi/aacd3fac-ce5d-11eb-b317-38f9d35ea60f.png,normal,False,vi
893,/vi/aacdeb1e-ce5d-11eb-b317-38f9d35ea60f.png,normal,False,vi
894,/vi/aace8952-ce5d-11eb-b317-38f9d35ea60f.png,normal,False,vi
895,/vi/aacf1a66-ce5d-11eb-b317-38f9d35ea60f.png,normal,False,vi
896,/vi/aacfb7f0-ce5d-11eb-b317-38f9d35ea60f.png,normal,False,vi
897,/vi/aad0936e-ce5d-11eb-b317-38f9d35ea60f.png,normal,False,vi
898,/vi/aad1dec2-ce5d-11eb-b317-38f9d35ea60f.png,normal,False,vi
899,/vi/aad272c4-ce5d-11eb-b317-38f9d35ea60f.png,normal,False,vi
900,/vi/aad30810-ce5d-11eb-b317-38f9d35ea60f.png,normal,False,vi
901,/vi/aad391a4-ce5d-11eb-b317-38f9d35ea60f.png,outlier,True,vi
902,/vi/aad41566-ce5d-11eb-b317-38f9d35ea60f.png,normal,False,vi
903,/vi/aad48f50-ce5d-11eb-b317-38f9d35ea60f.png,normal,False,vi
904,/vi/aad53d56-ce5d-11eb-b317-38f9d35ea60f.png,normal,False,vi
905,/vi/aad5d2ac-ce5d-11eb-b317-38f9d35ea60f.png,outlier,True,vi
906,/vi/aad6635c-ce5d-11eb-b317-38f9d35ea60f.png,outlier,True,vi
907,/vi/aad70816-ce5d-11eb-b317-38f9d35ea60f.png,normal,False,vi
908,/vi/aad7e3c6-ce5d-11eb-b317-38f9d35ea60f.png,normal,False,vi
909,/vi/aad8af5e-ce5d-11eb-b317-38f9d35ea60f.png,normal,False,vi
910,/vi/aad94040-ce5d-11eb-b317-38f9d35ea60f.png,normal,False,vi
911,/vi/aad9d834-ce5d-11eb-b317-38f9d35ea60f.png,normal,False,vi
912,/vi/aadaae26-ce5d-11eb-b317-38f9d35ea60f.png,outlier,True,vi
913,/vi/aadb5876-ce5d-11eb-b317-38f9d35ea60f.png,normal,False,vi
914,/vi/aadbd5ee-ce5d-11eb-b317-38f9d35ea60f.png,normal,False,vi
915,/vi/aadc6dba-ce5d-11eb-b317-38f9d35ea60f.png,normal,False,vi
916,/vi/aadd3178-ce5d-11eb-b317-38f9d35ea60f.png,normal,False,vi
917,/vi/aaddd9d4-ce5d-11eb-b317-38f9d35ea60f.png,normal,False,vi
918,/vi/aade6214-ce5d-11eb-b317-38f9d35ea60f.png,normal,False,vi
919,/vi/aadef0ee-ce5d-11eb-b317-38f9d35ea60f.png,normal,False,vi
920,/vi/aadfde82-ce5d-11eb-b317-38f9d35ea60f.png,normal,False,vi
921,/vi/aae06d34-ce5d-11eb-b317-38f9d35ea60f.png,normal,False,vi
922,/vi/aae0f998-ce5d-11eb-b317-38f9d35ea60f.png,normal,False,vi
923,/vi/aae18c50-ce5d-11eb-b317-38f9d35ea60f.png,normal,False,vi
924,/vi/aae24d52-ce5d-11eb-b317-38f9d35ea60f.png,normal,False,vi
925,/vi/aae2e474-ce5d-11eb-b317-38f9d35ea60f.png,normal,False,vi
926,/vi/aae36b06-ce5d-11eb-b317-38f9d35ea60f.png,normal,False,vi
927,/vi/aae3e3b0-ce5d-11eb-b317-38f9d35ea60f.png,normal,False,vi
928,/vi/aae47384-ce5d-11eb-b317-38f9d35ea60f.png,normal,False,vi
929,/vi/aae5626c-ce5d-11eb-b317-38f9d35ea60f.png,normal,False,vi
930,/vi/aae61392-ce5d-11eb-b317-38f9d35ea60f.png,normal,False,vi
931,/vi/aae6a7bc-ce5d-11eb-b317-38f9d35ea60f.png,normal,False,vi
932,/vi/aae79a82-ce5d-11eb-b317-38f9d35ea60f.png,normal,False,vi
933,/vi/aae8574c-ce5d-11eb-b317-38f9d35ea60f.png,normal,False,vi
934,/vi/aae8eea0-ce5d-11eb-b317-38f9d35ea60f.png,normal,False,vi
935,/vi/aae988f6-ce5d-11eb-b317-38f9d35ea60f.png,normal,False,vi
936,/vi/aaea218a-ce5d-11eb-b317-38f9d35ea60f.png,normal,False,vi
937,/vi/aaeaf34e-ce5d-11eb-b317-38f9d35ea60f.png,normal,False,vi
938,/vi/aaeb9ef2-ce5d-11eb-b317-38f9d35ea60f.png,normal,False,vi
939,/vi/aaec2fac-ce5d-11eb-b317-38f9d35ea60f.png,normal,False,vi
940,/vi/aaeccd86-ce5d-11eb-b317-38f9d35ea60f.png,normal,False,vi
941,/vi/aaed5cd8-ce5d-11eb-b317-38f9d35ea60f.png,normal,False,vi
942,/vi/aaede4aa-ce5d-11eb-b317-38f9d35ea60f.png,normal,False,vi
943,/vi/aaee8b12-ce5d-11eb-b317-38f9d35ea60f.png,normal,False,vi
944,/vi/aaef3fd0-ce5d-11eb-b317-38f9d35ea60f.png,normal,False,vi
945,/vi/aaf0b4d2-ce5d-11eb-b317-38f9d35ea60f.png,normal,False,vi
946,/vi/aaf15bda-ce5d-11eb-b317-38f9d35ea60f.png,normal,False,vi
947,/vi/aaf1dc7c-ce5d-11eb-b317-38f9d35ea60f.png,normal,False,vi
948,/vi/aaf2e388-ce5d-11eb-b317-38f9d35ea60f.png,normal,False,vi
949,/vi/aaf36cea-ce5d-11eb-b317-38f9d35ea60f.png,normal,False,vi
950,/vi/aaf41370-ce5d-11eb-b317-38f9d35ea60f.png,normal,False,vi
951,/vi/aaf4be6a-ce5d-11eb-b317-38f9d35ea60f.png,normal,False,vi
952,/vi/aaf55096-ce5d-11eb-b317-38f9d35ea60f.png,normal,False,vi
953,/vi/aaf5fa78-ce5d-11eb-b317-38f9d35ea60f.png,normal,False,vi
954,/vi/aaf6f9aa-ce5d-11eb-b317-38f9d35ea60f.png,normal,False,vi
955,/vi/aaf78dac-ce5d-11eb-b317-38f9d35ea60f.png,normal,False,vi
956,/vi/aaf80eb2-ce5d-11eb-b317-38f9d35ea60f.png,normal,False,vi
957,/vi/aaf8e558-ce5d-11eb-b317-38f9d35ea60f.png,normal,False,vi
958,/vi/aaf99016-ce5d-11eb-b317-38f9d35ea60f.png,normal,False,vi
959,/vi/aafa1c34-ce5d-11eb-b317-38f9d35ea60f.png,normal,False,vi
960,/vi/aafab8c4-ce5d-11eb-b317-38f9d35ea60f.png,normal,False,vi
961,/vi/aafbadf6-ce5d-11eb-b317-38f9d35ea60f.png,normal,False,vi
962,/vi/aafc46da-ce5d-11eb-b317-38f9d35ea60f.png,normal,False,vi
963,/vi/aafcd6ea-ce5d-11eb-b317-38f9d35ea60f.png,normal,False,vi
964,/vi/aafd66f0-ce5d-11eb-b317-38f9d35ea60f.png,normal,False,vi
965,/vi/aafe9f98-ce5d-11eb-b317-38f9d35ea60f.png,normal,False,vi
966,/vi/aaff533e-ce5d-11eb-b317-38f9d35ea60f.png,normal,False,vi
967,/vi/ab0070b6-ce5d-11eb-b317-38f9d35ea60f.png,normal,False,vi
968,/vi/ab012326-ce5d-11eb-b317-38f9d35ea60f.png,normal,False,vi
969,/vi/ab01b750-ce5d-11eb-b317-38f9d35ea60f.png,normal,False,vi
970,/vi/ab024044-ce5d-11eb-b317-38f9d35ea60f.png,normal,False,vi
971,/vi/ab02dd4c-ce5d-11eb-b317-38f9d35ea60f.png,normal,False,vi
972,/vi/ab0372a2-ce5d-11eb-b317-38f9d35ea60f.png,normal,False,vi
973,/vi/ab0408de-ce5d-11eb-b317-38f9d35ea60f.png,normal,False,vi
974,/vi/ab04a758-ce5d-11eb-b317-38f9d35ea60f.png,normal,False,vi
975,/vi/ab0531c8-ce5d-11eb-b317-38f9d35ea60f.png,normal,False,vi
976,/vi/ab05d178-ce5d-11eb-b317-38f9d35ea60f.png,normal,False,vi
977,/vi/ab067ed4-ce5d-11eb-b317-38f9d35ea60f.png,normal,False,vi
978,/vi/ab073180-ce5d-11eb-b317-38f9d35ea60f.png,normal,False,vi
979,/vi/ab07ec9c-ce5d-11eb-b317-38f9d35ea60f.png,normal,False,vi
980,/vi/ab08c6b2-ce5d-11eb-b317-38f9d35ea60f.png,normal,False,vi
981,/vi/ab09b11c-ce5d-11eb-b317-38f9d35ea60f.png,normal,False,vi
982,/vi/ab0a45c8-ce5d-11eb-b317-38f9d35ea60f.png,normal,False,vi
983,/vi/ab0b2c90-ce5d-11eb-b317-38f9d35ea60f.png,normal,False,vi
984,/vi/ab0bc81c-ce5d-11eb-b317-38f9d35ea60f.png,normal,False,vi
985,/vi/ab0c50f2-ce5d-11eb-b317-38f9d35ea60f.png,normal,False,vi
986,/vi/ab0cea1c-ce5d-11eb-b317-38f9d35ea60f.png,normal,False,vi
987,/vi/ab0dedb8-ce5d-11eb-b317-38f9d35ea60f.png,normal,False,vi
988,/vi/ab0e7eb8-ce5d-11eb-b317-38f9d35ea60f.png,normal,False,vi
989,/vi/ab0f27e6-ce5d-11eb-b317-38f9d35ea60f.png,normal,False,vi
990,/vi/ab109e14-ce5d-11eb-b317-38f9d35ea60f.png,normal,False,vi
991,/vi/ab112802-ce5d-11eb-b317-38f9d35ea60f.png,normal,False,vi
992,/vi/ab123cd8-ce5d-11eb-b317-38f9d35ea60f.png,normal,False,vi
993,/vi/ab130032-ce5d-11eb-b317-38f9d35ea60f.png,normal,False,vi
994,/vi/ab13e4ca-ce5d-11eb-b317-38f9d35ea60f.png,normal,False,vi
995,/vi/ab148510-ce5d-11eb-b317-38f9d35ea60f.png,normal,False,vi
996,/vi/ab16c3de-ce5d-11eb-b317-38f9d35ea60f.png,normal,False,vi
997,/vi/ab18bc3e-ce5d-11eb-b317-38f9d35ea60f.png,normal,False,vi
998,/vi/ab19653a-ce5d-11eb-b317-38f9d35ea60f.png,normal,False,vi
999,/vi/ab1a21e6-ce5d-11eb-b317-38f9d35ea60f.png,normal,False,vi
1000,/vi/ab1abebc-ce5d-11eb-b317-38f9d35ea60f.png,normal,False,vi
1001,/vi/ab1b4d3c-ce5d-11eb-b317-38f9d35ea60f.png,normal,False,vi
1002,/vi/ab1bd798-ce5d-11eb-b317-38f9d35ea60f.png,normal,False,vi
1003,/vi/ab1ca218-ce5d-11eb-b317-38f9d35ea60f.png,normal,False,vi
1004,/vi/ab1dce40-ce5d-11eb-b317-38f9d35ea60f.png,outlier,True,vi
1005,/vi/ab1ed8da-ce5d-11eb-b317-38f9d35ea60f.png,normal,False,vi
1006,/vi/ab1f6f34-ce5d-11eb-b317-38f9d35ea60f.png,normal,False,vi
1007,/vi/ab1ff1d4-ce5d-11eb-b317-38f9d35ea60f.png,normal,False,vi
1008,/vi/ab20f822-ce5d-11eb-b317-38f9d35ea60f.png,normal,False,vi
1009,/vi/ab2224fe-ce5d-11eb-b317-38f9d35ea60f.png,normal,False,vi
1010,/vi/ab22bf86-ce5d-11eb-b317-38f9d35ea60f.png,normal,False,vi
1011,/vi/ab254da0-ce5d-11eb-b317-38f9d35ea60f.png,normal,False,vi
1012,/vi/ab25e706-ce5d-11eb-b317-38f9d35ea60f.png,normal,False,vi
1013,/vi/ab271720-ce5d-11eb-b317-38f9d35ea60f.png,normal,False,vi
1014,/vi/ab27bb8a-ce5d-11eb-b317-38f9d35ea60f.png,normal,False,vi
1015,/vi/ab2881aa-ce5d-11eb-b317-38f9d35ea60f.png,normal,False,vi
1016,/vi/ab29ef40-ce5d-11eb-b317-38f9d35ea60f.png,normal,False,vi
1017,/vii/ac6f35fe-ce5d-11eb-b317-38f9d35ea60f.png,normal,False,vii
1018,/vii/ac6fbf74-ce5d-11eb-b317-38f9d35ea60f.png,normal,False,vii
1019,/vii/ac70458e-ce5d-11eb-b317-38f9d35ea60f.png,normal,False,vii
1020,/vii/ac70cacc-ce5d-11eb-b317-38f9d35ea60f.png,normal,False,vii
1021,/vii/ac71708a-ce5d-11eb-b317-38f9d35ea60f.png,normal,False,vii
1022,/vii/ac72061c-ce5d-11eb-b317-38f9d35ea60f.png,normal,False,vii
1023,/vii/ac72a7b6-ce5d-11eb-b317-38f9d35ea60f.png,normal,False,vii
1024,/vii/ac7357b0-ce5d-11eb-b317-38f9d35ea60f.png,normal,False,vii
1025,/vii/ac740192-ce5d-11eb-b317-38f9d35ea60f.png,outlier,True,vii
1026,/vii/ac74c53c-ce5d-11eb-b317-38f9d35ea60f.png,normal,False,vii
1027,/vii/ac754dd6-ce5d-11eb-b317-38f9d35ea60f.png,normal,False,vii
1028,/vii/ac75ce82-ce5d-11eb-b317-38f9d35ea60f.png,normal,False,vii
1029,/vii/ac7650be-ce5d-11eb-b317-38f9d35ea60f.png,normal,False,vii
1030,/vii/ac76dc1e-ce5d-11eb-b317-38f9d35ea60f.png,normal,False,vii
1031,/vii/ac776242-ce5d-11eb-b317-38f9d35ea60f.png,normal,False,vii
1032,/vii/ac77d9a2-ce5d-11eb-b317-38f9d35ea60f.png,normal,False,vii
1033,/vii/ac785d82-ce5d-11eb-b317-38f9d35ea60f.png,outlier,True,vii
1034,/vii/ac7924b0-ce5d-11eb-b317-38f9d35ea60f.png,outlier,True,vii
1035,/vii/ac79b650-ce5d-11eb-b317-38f9d35ea60f.png,outlier,True,vii
1036,/vii/ac7a35c6-ce5d-11eb-b317-38f9d35ea60f.png,outlier,True,vii
1037,/vii/ac7b0ed8-ce5d-11eb-b317-38f9d35ea60f.png,normal,False,vii
1038,/vii/ac7bcbca-ce5d-11eb-b317-38f9d35ea60f.png,normal,False,vii
1039,/vii/ac7cda7e-ce5d-11eb-b317-38f9d35ea60f.png,normal,False,vii
1040,/vii/ac7d527e-ce5d-11eb-b317-38f9d35ea60f.png,normal,False,vii
1041,/vii/ac7dd032-ce5d-11eb-b317-38f9d35ea60f.png,normal,False,vii
1042,/vii/ac7e7730-ce5d-11eb-b317-38f9d35ea60f.png,normal,False,vii
1043,/vii/ac7ef430-ce5d-11eb-b317-38f9d35ea60f.png,normal,False,vii
1044,/vii/ac7f7a90-ce5d-11eb-b317-38f9d35ea60f.png,normal,False,vii
1045,/vii/ac7ff3e4-ce5d-11eb-b317-38f9d35ea60f.png,outlier,True,vii
1046,/vii/ac8075f8-ce5d-11eb-b317-38f9d35ea60f.png,normal,False,vii
1047,/vii/ac810e14-ce5d-11eb-b317-38f9d35ea60f.png,normal,False,vii
1048,/vii/ac81999c-ce5d-11eb-b317-38f9d35ea60f.png,normal,False,vii
1049,/vii/ac8226aa-ce5d-11eb-b317-38f9d35ea60f.png,bad_label,False,vii
1050,/vii/ac82a760-ce5d-11eb-b317-38f9d35ea60f.png,normal,False,vii
1051,/vii/ac83575a-ce5d-11eb-b317-38f9d35ea60f.png,normal,False,vii
1052,/vii/ac8415d2-ce5d-11eb-b317-38f9d35ea60f.png,normal,False,vii
1053,/vii/ac849a5c-ce5d-11eb-b317-38f9d35ea60f.png,normal,False,vii
1054,/vii/ac851860-ce5d-11eb-b317-38f9d35ea60f.png,normal,False,vii
1055,/vii/ac85aa5a-ce5d-11eb-b317-38f9d35ea60f.png,normal,False,vii
1056,/vii/ac8638f8-ce5d-11eb-b317-38f9d35ea60f.png,normal,False,vii
1057,/vii/ac86bb34-ce5d-11eb-b317-38f9d35ea60f.png,normal,False,vii
1058,/vii/ac873212-ce5d-11eb-b317-38f9d35ea60f.png,normal,False,vii
1059,/vii/ac87a85a-ce5d-11eb-b317-38f9d35ea60f.png,normal,False,vii
1060,/vii/ac885642-ce5d-11eb-b317-38f9d35ea60f.png,normal,False,vii
1061,/vii/ac88fe3a-ce5d-11eb-b317-38f9d35ea60f.png,normal,False,vii
1062,/vii/ac8985bc-ce5d-11eb-b317-38f9d35ea60f.png,normal,False,vii
1063,/vii/ac8a09d8-ce5d-11eb-b317-38f9d35ea60f.png,normal,False,vii
1064,/vii/ac8b7b38-ce5d-11eb-b317-38f9d35ea60f.png,normal,False,vii
1065,/vii/ac8bf946-ce5d-11eb-b317-38f9d35ea60f.png,normal,False,vii
1066,/vii/ac8c77c2-ce5d-11eb-b317-38f9d35ea60f.png,outlier,True,vii
1067,/vii/ac8da4a8-ce5d-11eb-b317-38f9d35ea60f.png,normal,False,vii
1068,/vii/ac8ebc94-ce5d-11eb-b317-38f9d35ea60f.png,normal,False,vii
1069,/vii/ac8f3c50-ce5d-11eb-b317-38f9d35ea60f.png,normal,False,vii
1070,/vii/ac8fd548-ce5d-11eb-b317-38f9d35ea60f.png,normal,False,vii
1071,/vii/ac905e50-ce5d-11eb-b317-38f9d35ea60f.png,normal,False,vii
1072,/vii/ac90e212-ce5d-11eb-b317-38f9d35ea60f.png,normal,False,vii
1073,/vii/ac917db2-ce5d-11eb-b317-38f9d35ea60f.png,normal,False,vii
1074,/vii/ac920be2-ce5d-11eb-b317-38f9d35ea60f.png,normal,False,vii
1075,/vii/ac92a520-ce5d-11eb-b317-38f9d35ea60f.png,normal,False,vii
1076,/vii/ac934764-ce5d-11eb-b317-38f9d35ea60f.png,normal,False,vii
1077,/vii/ac964860-ce5d-11eb-b317-38f9d35ea60f.png,normal,False,vii
1078,/vii/ac97e86e-ce5d-11eb-b317-38f9d35ea60f.png,normal,False,vii
1079,/vii/ac98944e-ce5d-11eb-b317-38f9d35ea60f.png,normal,False,vii
1080,/vii/ac993098-ce5d-11eb-b317-38f9d35ea60f.png,normal,False,vii
1081,/vii/ac9a1b20-ce5d-11eb-b317-38f9d35ea60f.png,normal,False,vii
1082,/vii/ac9b441e-ce5d-11eb-b317-38f9d35ea60f.png,normal,False,vii
1083,/vii/ac9bb8b8-ce5d-11eb-b317-38f9d35ea60f.png,normal,False,vii
1084,/vii/ac9c3e3c-ce5d-11eb-b317-38f9d35ea60f.png,normal,False,vii
1085,/vii/ac9cc6e0-ce5d-11eb-b317-38f9d35ea60f.png,normal,False,vii
1086,/vii/ac9ea5d2-ce5d-11eb-b317-38f9d35ea60f.png,normal,False,vii
1087,/vii/ac9f21ec-ce5d-11eb-b317-38f9d35ea60f.png,normal,False,vii
1088,/vii/ac9fc30e-ce5d-11eb-b317-38f9d35ea60f.png,normal,False,vii
1089,/vii/aca04b94-ce5d-11eb-b317-38f9d35ea60f.png,normal,False,vii
1090,/vii/aca1ca82-ce5d-11eb-b317-38f9d35ea60f.png,normal,False,vii
1091,/vii/aca2ae8e-ce5d-11eb-b317-38f9d35ea60f.png,normal,False,vii
1092,/vii/aca5d85c-ce5d-11eb-b317-38f9d35ea60f.png,normal,False,vii
1093,/vii/aca696f2-ce5d-11eb-b317-38f9d35ea60f.png,normal,False,vii
1094,/vii/aca769ce-ce5d-11eb-b317-38f9d35ea60f.png,normal,False,vii
1095,/vii/acaad244-ce5d-11eb-b317-38f9d35ea60f.png,normal,False,vii
1096,/vii/acac5254-ce5d-11eb-b317-38f9d35ea60f.png,normal,False,vii
1097,/vii/acad0c8a-ce5d-11eb-b317-38f9d35ea60f.png,normal,False,vii
1098,/vii/acad99b6-ce5d-11eb-b317-38f9d35ea60f.png,normal,False,vii
1099,/vii/acae156c-ce5d-11eb-b317-38f9d35ea60f.png,normal,False,vii
1100,/vii/acae9c9e-ce5d-11eb-b317-38f9d35ea60f.png,normal,False,vii
1101,/vii/acafbf84-ce5d-11eb-b317-38f9d35ea60f.png,normal,False,vii
1102,/vii/acb554bc-ce5d-11eb-b317-38f9d35ea60f.png,normal,False,vii
1103,/vii/acb5ff20-ce5d-11eb-b317-38f9d35ea60f.png,normal,False,vii
1104,/vii/acb797a4-ce5d-11eb-b317-38f9d35ea60f.png,normal,False,vii
1105,/vii/acb887cc-ce5d-11eb-b317-38f9d35ea60f.png,normal,False,vii
1106,/vii/acb9284e-ce5d-11eb-b317-38f9d35ea60f.png,normal,False,vii
1107,/vii/acb9bdea-ce5d-11eb-b317-38f9d35ea60f.png,normal,False,vii
1108,/vii/acba5110-ce5d-11eb-b317-38f9d35ea60f.png,normal,False,vii
1109,/vii/acbaea1c-ce5d-11eb-b317-38f9d35ea60f.png,normal,False,vii
1110,/vii/acbcba40-ce5d-11eb-b317-38f9d35ea60f.png,normal,False,vii
1111,/vii/acbd5cf2-ce5d-11eb-b317-38f9d35ea60f.png,normal,False,vii
1112,/vii/acbe4360-ce5d-11eb-b317-38f9d35ea60f.png,normal,False,vii
1113,/vii/acbedc08-ce5d-11eb-b317-38f9d35ea60f.png,normal,False,vii
1114,/vii/acbf8aea-ce5d-11eb-b317-38f9d35ea60f.png,normal,False,vii
1115,/vii/acc053c6-ce5d-11eb-b317-38f9d35ea60f.png,normal,False,vii
1116,/vii/acc10410-ce5d-11eb-b317-38f9d35ea60f.png,normal,False,vii
1117,/vii/acc22912-ce5d-11eb-b317-38f9d35ea60f.png,normal,False,vii
1118,/vii/acc2f36a-ce5d-11eb-b317-38f9d35ea60f.png,normal,False,vii
1119,/vii/acc3b084-ce5d-11eb-b317-38f9d35ea60f.png,normal,False,vii
1120,/vii/acc449ea-ce5d-11eb-b317-38f9d35ea60f.png,normal,False,vii
1121,/vii/acc57cc0-ce5d-11eb-b317-38f9d35ea60f.png,normal,False,vii
1122,/vii/acc6a4ba-ce5d-11eb-b317-38f9d35ea60f.png,normal,False,vii
1123,/vii/acc75af4-ce5d-11eb-b317-38f9d35ea60f.png,normal,False,vii
1124,/vii/acc81fc0-ce5d-11eb-b317-38f9d35ea60f.png,normal,False,vii
1125,/vii/acc8e84c-ce5d-11eb-b317-38f9d35ea60f.png,normal,False,vii
1126,/vii/acc9b6dc-ce5d-11eb-b317-38f9d35ea60f.png,normal,False,vii
1127,/vii/acca7ad6-ce5d-11eb-b317-38f9d35ea60f.png,normal,False,vii
1128,/vii/accb2350-ce5d-11eb-b317-38f9d35ea60f.png,normal,False,vii
1129,/vii/accbfcf8-ce5d-11eb-b317-38f9d35ea60f.png,normal,False,vii
1130,/vii/acccbc42-ce5d-11eb-b317-38f9d35ea60f.png,normal,False,vii
1131,/vii/accd8384-ce5d-11eb-b317-38f9d35ea60f.png,normal,False,vii
1132,/vii/acce3b26-ce5d-11eb-b317-38f9d35ea60f.png,normal,False,vii
1133,/vii/accf90de-ce5d-11eb-b317-38f9d35ea60f.png,outlier,True,vii
1134,/vii/acd02850-ce5d-11eb-b317-38f9d35ea60f.png,normal,False,vii
1135,/vii/acd28348-ce5d-11eb-b317-38f9d35ea60f.png,normal,False,vii
1136,/vii/acd32f6e-ce5d-11eb-b317-38f9d35ea60f.png,normal,False,vii
1137,/vii/acd3c2ee-ce5d-11eb-b317-38f9d35ea60f.png,normal,False,vii
1138,/vii/acd4b7e4-ce5d-11eb-b317-38f9d35ea60f.png,normal,False,vii
1139,/vii/acd55582-ce5d-11eb-b317-38f9d35ea60f.png,normal,False,vii
1140,/vii/acd602d4-ce5d-11eb-b317-38f9d35ea60f.png,normal,False,vii
1141,/vii/acd6ac8e-ce5d-11eb-b317-38f9d35ea60f.png,normal,False,vii
1142,/vii/acd7a71a-ce5d-11eb-b317-38f9d35ea60f.png,normal,False,vii
1143,/vii/acd84850-ce5d-11eb-b317-38f9d35ea60f.png,normal,False,vii
1144,/vii/acd905c4-ce5d-11eb-b317-38f9d35ea60f.png,normal,False,vii
1145,/vii/acd9e732-ce5d-11eb-b317-38f9d35ea60f.png,normal,False,vii
1146,/vii/acda945c-ce5d-11eb-b317-38f9d35ea60f.png,normal,False,vii
1147,/vii/acdc52d8-ce5d-11eb-b317-38f9d35ea60f.png,normal,False,vii
1148,/vii/acdd9706-ce5d-11eb-b317-38f9d35ea60f.png,normal,False,vii
1149,/vii/acde2c16-ce5d-11eb-b317-38f9d35ea60f.png,normal,False,vii
1150,/vii/acdf311a-ce5d-11eb-b317-38f9d35ea60f.png,normal,False,vii
1151,/vii/ace0276e-ce5d-11eb-b317-38f9d35ea60f.png,normal,False,vii
1152,/vii/ace19d4c-ce5d-11eb-b317-38f9d35ea60f.png,normal,False,vii
1153,/vii/ace2f598-ce5d-11eb-b317-38f9d35ea60f.png,normal,False,vii
1154,/vii/ace406cc-ce5d-11eb-b317-38f9d35ea60f.png,normal,False,vii
1155,/vii/ace5151c-ce5d-11eb-b317-38f9d35ea60f.png,normal,False,vii
1156,/vii/ace5d830-ce5d-11eb-b317-38f9d35ea60f.png,normal,False,vii
1157,/vii/ace69e00-ce5d-11eb-b317-38f9d35ea60f.png,normal,False,vii
1158,/vii/ace733f6-ce5d-11eb-b317-38f9d35ea60f.png,normal,False,vii
1159,/vii/ace7c370-ce5d-11eb-b317-38f9d35ea60f.png,normal,False,vii
1160,/vii/ace8527c-ce5d-11eb-b317-38f9d35ea60f.png,normal,False,vii
1161,/vii/ace8ef8e-ce5d-11eb-b317-38f9d35ea60f.png,normal,False,vii
1162,/vii/ace9a0b4-ce5d-11eb-b317-38f9d35ea60f.png,normal,False,vii
1163,/vii/acea63d2-ce5d-11eb-b317-38f9d35ea60f.png,normal,False,vii
1164,/vii/aceb0274-ce5d-11eb-b317-38f9d35ea60f.png,normal,False,vii
1165,/vii/aceb9b76-ce5d-11eb-b317-38f9d35ea60f.png,normal,False,vii
1166,/vii/acec3ea0-ce5d-11eb-b317-38f9d35ea60f.png,normal,False,vii
1167,/vii/aced80c6-ce5d-11eb-b317-38f9d35ea60f.png,outlier,True,vii
1168,/vii/acee5334-ce5d-11eb-b317-38f9d35ea60f.png,normal,False,vii
1169,/vii/acf114de-ce5d-11eb-b317-38f9d35ea60f.png,normal,False,vii
1170,/vii/acf31810-ce5d-11eb-b317-38f9d35ea60f.png,outlier,True,vii
1171,/vii/acf4284a-ce5d-11eb-b317-38f9d35ea60f.png,normal,False,vii
1172,/vii/acf4d02e-ce5d-11eb-b317-38f9d35ea60f.png,normal,False,vii
1173,/vii/acf5a9ae-ce5d-11eb-b317-38f9d35ea60f.png,normal,False,vii
1174,/vii/acf661be-ce5d-11eb-b317-38f9d35ea60f.png,normal,False,vii
1175,/vii/acf702cc-ce5d-11eb-b317-38f9d35ea60f.png,normal,False,vii
1176,/vii/acf7c324-ce5d-11eb-b317-38f9d35ea60f.png,normal,False,vii
1177,/vii/acf9593c-ce5d-11eb-b317-38f9d35ea60f.png,normal,False,vii
1178,/vii/acfafbe8-ce5d-11eb-b317-38f9d35ea60f.png,normal,False,vii
1179,/vii/acfba99e-ce5d-11eb-b317-38f9d35ea60f.png,normal,False,vii
1180,/vii/acfc61a4-ce5d-11eb-b317-38f9d35ea60f.png,normal,False,vii
1181,/vii/acfd06fe-ce5d-11eb-b317-38f9d35ea60f.png,outlier,True,vii
1182,/vii/acfe951e-ce5d-11eb-b317-38f9d35ea60f.png,normal,False,vii
1183,/vii/ad0035a4-ce5d-11eb-b317-38f9d35ea60f.png,normal,False,vii
1184,/vii/ad00c172-ce5d-11eb-b317-38f9d35ea60f.png,normal,False,vii
1185,/vii/ad014980-ce5d-11eb-b317-38f9d35ea60f.png,normal,False,vii
1186,/vii/ad02664e-ce5d-11eb-b317-38f9d35ea60f.png,normal,False,vii
1187,/vii/ad032386-ce5d-11eb-b317-38f9d35ea60f.png,normal,False,vii
1188,/vii/ad04f332-ce5d-11eb-b317-38f9d35ea60f.png,normal,False,vii
1189,/viii/ad0636de-ce5d-11eb-b317-38f9d35ea60f.png,normal,False,viii
1190,/viii/ad06c48c-ce5d-11eb-b317-38f9d35ea60f.png,normal,False,viii
1191,/viii/ad07aa00-ce5d-11eb-b317-38f9d35ea60f.png,normal,False,viii
1192,/viii/ad0883bc-ce5d-11eb-b317-38f9d35ea60f.png,normal,False,viii
1193,/viii/ad0938ca-ce5d-11eb-b317-38f9d35ea60f.png,normal,False,viii
1194,/viii/ad0a23ca-ce5d-11eb-b317-38f9d35ea60f.png,outlier,True,viii
1195,/viii/ad0b02e0-ce5d-11eb-b317-38f9d35ea60f.png,normal,False,viii
1196,/viii/ad0bb88e-ce5d-11eb-b317-38f9d35ea60f.png,normal,False,viii
1197,/viii/ad0ca9e2-ce5d-11eb-b317-38f9d35ea60f.png,normal,False,viii
1198,/viii/ad0d5cca-ce5d-11eb-b317-38f9d35ea60f.png,normal,False,viii
1199,/viii/ad0ea7c4-ce5d-11eb-b317-38f9d35ea60f.png,normal,False,viii
1200,/viii/ad0f3cb6-ce5d-11eb-b317-38f9d35ea60f.png,normal,False,viii
1201,/viii/ad10efac-ce5d-11eb-b317-38f9d35ea60f.png,normal,False,viii
1202,/viii/ad12aa54-ce5d-11eb-b317-38f9d35ea60f.png,normal,False,viii
1203,/viii/ad138460-ce5d-11eb-b317-38f9d35ea60f.png,normal,False,viii
1204,/viii/ad145f8e-ce5d-11eb-b317-38f9d35ea60f.png,normal,False,viii
1205,/viii/ad150682-ce5d-11eb-b317-38f9d35ea60f.png,normal,False,viii
1206,/viii/ad15a1aa-ce5d-11eb-b317-38f9d35ea60f.png,normal,False,viii
1207,/viii/ad1641f0-ce5d-11eb-b317-38f9d35ea60f.png,normal,False,viii
1208,/viii/ad181de0-ce5d-11eb-b317-38f9d35ea60f.png,normal,False,viii
1209,/viii/ad19788e-ce5d-11eb-b317-38f9d35ea60f.png,normal,False,viii
1210,/viii/ad1b3214-ce5d-11eb-b317-38f9d35ea60f.png,normal,False,viii
1211,/viii/ad1cf996-ce5d-11eb-b317-38f9d35ea60f.png,normal,False,viii
1212,/viii/ad1ef8d6-ce5d-11eb-b317-38f9d35ea60f.png,normal,False,viii
1213,/viii/ad20460a-ce5d-11eb-b317-38f9d35ea60f.png,normal,False,viii
1214,/viii/ad217606-ce5d-11eb-b317-38f9d35ea60f.png,normal,False,viii
1215,/viii/ad248828-ce5d-11eb-b317-38f9d35ea60f.png,normal,False,viii
1216,/viii/ad2585ca-ce5d-11eb-b317-38f9d35ea60f.png,normal,False,viii
1217,/viii/ad266fda-ce5d-11eb-b317-38f9d35ea60f.png,normal,False,viii
1218,/viii/ad27556c-ce5d-11eb-b317-38f9d35ea60f.png,normal,False,viii
1219,/viii/ad295268-ce5d-11eb-b317-38f9d35ea60f.png,normal,False,viii
1220,/viii/ad2a0654-ce5d-11eb-b317-38f9d35ea60f.png,normal,False,viii
1221,/viii/ad2b2b10-ce5d-11eb-b317-38f9d35ea60f.png,outlier,True,viii
1222,/viii/ad2f16a8-ce5d-11eb-b317-38f9d35ea60f.png,outlier,True,viii
1223,/viii/ad319acc-ce5d-11eb-b317-38f9d35ea60f.png,normal,False,viii
1224,/viii/ad32ae94-ce5d-11eb-b317-38f9d35ea60f.png,normal,False,viii
1225,/viii/ad33d800-ce5d-11eb-b317-38f9d35ea60f.png,normal,False,viii
1226,/viii/ad347ddc-ce5d-11eb-b317-38f9d35ea60f.png,normal,False,viii
1227,/viii/ad35b102-ce5d-11eb-b317-38f9d35ea60f.png,normal,False,viii
1228,/viii/ad3919f0-ce5d-11eb-b317-38f9d35ea60f.png,normal,False,viii
1229,/viii/ad39d412-ce5d-11eb-b317-38f9d35ea60f.png,outlier,True,viii
1230,/viii/ad3aa842-ce5d-11eb-b317-38f9d35ea60f.png,normal,False,viii
1231,/viii/ad3b8bea-ce5d-11eb-b317-38f9d35ea60f.png,normal,False,viii
1232,/viii/ad3c55ca-ce5d-11eb-b317-38f9d35ea60f.png,normal,False,viii
1233,/viii/ad3d2d42-ce5d-11eb-b317-38f9d35ea60f.png,normal,False,viii
1234,/viii/ad3dd9fe-ce5d-11eb-b317-38f9d35ea60f.png,bad_label,False,viii
1235,/viii/ad3e817e-ce5d-11eb-b317-38f9d35ea60f.png,normal,False,viii
1236,/viii/ad42a984-ce5d-11eb-b317-38f9d35ea60f.png,normal,False,viii
1237,/viii/ad43837c-ce5d-11eb-b317-38f9d35ea60f.png,normal,False,viii
1238,/viii/ad44d8f8-ce5d-11eb-b317-38f9d35ea60f.png,normal,False,viii
1239,/viii/ad465570-ce5d-11eb-b317-38f9d35ea60f.png,normal,False,viii
1240,/viii/ad471abe-ce5d-11eb-b317-38f9d35ea60f.png,outlier,True,viii
1241,/viii/ad47d044-ce5d-11eb-b317-38f9d35ea60f.png,normal,False,viii
1242,/viii/ad48802a-ce5d-11eb-b317-38f9d35ea60f.png,normal,False,viii
1243,/viii/ad491b0c-ce5d-11eb-b317-38f9d35ea60f.png,outlier,True,viii
1244,/viii/ad4b843c-ce5d-11eb-b317-38f9d35ea60f.png,normal,False,viii
1245,/viii/ad4c39ae-ce5d-11eb-b317-38f9d35ea60f.png,outlier,True,viii
1246,/viii/ad4d5974-ce5d-11eb-b317-38f9d35ea60f.png,normal,False,viii
1247,/viii/ad4e1918-ce5d-11eb-b317-38f9d35ea60f.png,normal,False,viii
1248,/viii/ad521464-ce5d-11eb-b317-38f9d35ea60f.png,normal,False,viii
1249,/viii/ad52c648-ce5d-11eb-b317-38f9d35ea60f.png,normal,False,viii
1250,/viii/ad5477ea-ce5d-11eb-b317-38f9d35ea60f.png,normal,False,viii
1251,/viii/ad55183a-ce5d-11eb-b317-38f9d35ea60f.png,normal,False,viii
1252,/viii/ad575de8-ce5d-11eb-b317-38f9d35ea60f.png,normal,False,viii
1253,/viii/ad584320-ce5d-11eb-b317-38f9d35ea60f.png,normal,False,viii
1254,/viii/ad593a82-ce5d-11eb-b317-38f9d35ea60f.png,normal,False,viii
1255,/viii/ad5c2314-ce5d-11eb-b317-38f9d35ea60f.png,normal,False,viii
1256,/viii/ad6577e8-ce5d-11eb-b317-38f9d35ea60f.png,normal,False,viii
1257,/viii/ad685076-ce5d-11eb-b317-38f9d35ea60f.png,normal,False,viii
1258,/viii/ad6977b2-ce5d-11eb-b317-38f9d35ea60f.png,normal,False,viii
1259,/viii/ad6a485e-ce5d-11eb-b317-38f9d35ea60f.png,normal,False,viii
1260,/viii/ad6bb1c6-ce5d-11eb-b317-38f9d35ea60f.png,normal,False,viii
1261,/viii/ad6c401e-ce5d-11eb-b317-38f9d35ea60f.png,normal,False,viii
1262,/viii/ad6d3cda-ce5d-11eb-b317-38f9d35ea60f.png,normal,False,viii
1263,/viii/ad6e936e-ce5d-11eb-b317-38f9d35ea60f.png,normal,False,viii
1264,/viii/ad6f47a0-ce5d-11eb-b317-38f9d35ea60f.png,normal,False,viii
1265,/viii/ad711058-ce5d-11eb-b317-38f9d35ea60f.png,normal,False,viii
1266,/viii/ad71cdae-ce5d-11eb-b317-38f9d35ea60f.png,normal,False,viii
1267,/viii/ad72c36c-ce5d-11eb-b317-38f9d35ea60f.png,normal,False,viii
1268,/viii/ad739378-ce5d-11eb-b317-38f9d35ea60f.png,normal,False,viii
1269,/viii/ad745c7c-ce5d-11eb-b317-38f9d35ea60f.png,normal,False,viii
1270,/viii/ad750532-ce5d-11eb-b317-38f9d35ea60f.png,normal,False,viii
1271,/viii/ad7613f0-ce5d-11eb-b317-38f9d35ea60f.png,normal,False,viii
1272,/viii/ad76b8aa-ce5d-11eb-b317-38f9d35ea60f.png,normal,False,viii
1273,/viii/ad773c6c-ce5d-11eb-b317-38f9d35ea60f.png,outlier,True,viii
1274,/viii/ad77dad2-ce5d-11eb-b317-38f9d35ea60f.png,outlier,True,viii
1275,/viii/ad787fd2-ce5d-11eb-b317-38f9d35ea60f.png,normal,False,viii
1276,/viii/ad792144-ce5d-11eb-b317-38f9d35ea60f.png,normal,False,viii
1277,/viii/ad79fd9e-ce5d-11eb-b317-38f9d35ea60f.png,normal,False,viii
1278,/viii/ad7ace86-ce5d-11eb-b317-38f9d35ea60f.png,normal,False,viii
1279,/viii/ad7b6b16-ce5d-11eb-b317-38f9d35ea60f.png,normal,False,viii
1280,/viii/ad7d5714-ce5d-11eb-b317-38f9d35ea60f.png,normal,False,viii
1281,/viii/ad7eb136-ce5d-11eb-b317-38f9d35ea60f.png,normal,False,viii
1282,/viii/ad7f730a-ce5d-11eb-b317-38f9d35ea60f.png,normal,False,viii
1283,/viii/ad802e58-ce5d-11eb-b317-38f9d35ea60f.png,normal,False,viii
1284,/viii/ad80cb60-ce5d-11eb-b317-38f9d35ea60f.png,normal,False,viii
1285,/viii/ad817fce-ce5d-11eb-b317-38f9d35ea60f.png,normal,False,viii
1286,/viii/ad84d16a-ce5d-11eb-b317-38f9d35ea60f.png,normal,False,viii
1287,/viii/ad85aae0-ce5d-11eb-b317-38f9d35ea60f.png,normal,False,viii
1288,/viii/ad88b226-ce5d-11eb-b317-38f9d35ea60f.png,normal,False,viii
1289,/viii/ad8a18fa-ce5d-11eb-b317-38f9d35ea60f.png,normal,False,viii
1290,/viii/ad8b966c-ce5d-11eb-b317-38f9d35ea60f.png,normal,False,viii
1291,/viii/ad8c59e4-ce5d-11eb-b317-38f9d35ea60f.png,normal,False,viii
1292,/viii/ad8cfba6-ce5d-11eb-b317-38f9d35ea60f.png,normal,False,viii
1293,/viii/ad8f0b12-ce5d-11eb-b317-38f9d35ea60f.png,normal,False,viii
1294,/viii/ad8fe24e-ce5d-11eb-b317-38f9d35ea60f.png,normal,False,viii
1295,/viii/ad91189e-ce5d-11eb-b317-38f9d35ea60f.png,normal,False,viii
1296,/viii/ad91e33c-ce5d-11eb-b317-38f9d35ea60f.png,normal,False,viii
1297,/viii/ad92aa10-ce5d-11eb-b317-38f9d35ea60f.png,normal,False,viii
1298,/viii/ad936608-ce5d-11eb-b317-38f9d35ea60f.png,normal,False,viii
1299,/viii/ad95ce5c-ce5d-11eb-b317-38f9d35ea60f.png,normal,False,viii
1300,/viii/ad967d3e-ce5d-11eb-b317-38f9d35ea60f.png,normal,False,viii
1301,/viii/ad97f826-ce5d-11eb-b317-38f9d35ea60f.png,normal,False,viii
1302,/viii/ad98e2cc-ce5d-11eb-b317-38f9d35ea60f.png,normal,False,viii
1303,/viii/ad99895c-ce5d-11eb-b317-38f9d35ea60f.png,normal,False,viii
1304,/viii/ad9af3f0-ce5d-11eb-b317-38f9d35ea60f.png,bad_label,False,viii
1305,/viii/ad9b9eae-ce5d-11eb-b317-38f9d35ea60f.png,outlier,True,viii
1306,/viii/ad9c2216-ce5d-11eb-b317-38f9d35ea60f.png,normal,False,viii
1307,/viii/ad9cc46e-ce5d-11eb-b317-38f9d35ea60f.png,normal,False,viii
1308,/viii/ad9dc4b8-ce5d-11eb-b317-38f9d35ea60f.png,normal,False,viii
1309,/viii/ad9e7c3c-ce5d-11eb-b317-38f9d35ea60f.png,normal,False,viii
1310,/viii/ad9f17b4-ce5d-11eb-b317-38f9d35ea60f.png,normal,False,viii
1311,/viii/ada0151a-ce5d-11eb-b317-38f9d35ea60f.png,normal,False,viii
1312,/viii/ada1932c-ce5d-11eb-b317-38f9d35ea60f.png,normal,False,viii
1313,/viii/ada2df16-ce5d-11eb-b317-38f9d35ea60f.png,normal,False,viii
1314,/viii/ada3dc5e-ce5d-11eb-b317-38f9d35ea60f.png,normal,False,viii
1315,/viii/ada6a330-ce5d-11eb-b317-38f9d35ea60f.png,normal,False,viii
1316,/viii/adab08c6-ce5d-11eb-b317-38f9d35ea60f.png,normal,False,viii
1317,/viii/adabc0f4-ce5d-11eb-b317-38f9d35ea60f.png,normal,False,viii
1318,/viii/adaca514-ce5d-11eb-b317-38f9d35ea60f.png,outlier,True,viii
1319,/viii/adada8e2-ce5d-11eb-b317-38f9d35ea60f.png,normal,False,viii
1320,/viii/adae35a0-ce5d-11eb-b317-38f9d35ea60f.png,normal,False,viii
1321,/viii/adaed474-ce5d-11eb-b317-38f9d35ea60f.png,normal,False,viii
1322,/viii/adb1508c-ce5d-11eb-b317-38f9d35ea60f.png,normal,False,viii
1323,/viii/adb34b94-ce5d-11eb-b317-38f9d35ea60f.png,normal,False,viii
1324,/viii/adb4566a-ce5d-11eb-b317-38f9d35ea60f.png,normal,False,viii
1325,/viii/adb51d3e-ce5d-11eb-b317-38f9d35ea60f.png,normal,False,viii
1326,/viii/adb5c4f0-ce5d-11eb-b317-38f9d35ea60f.png,normal,False,viii
1327,/viii/adb7875e-ce5d-11eb-b317-38f9d35ea60f.png,normal,False,viii
1328,/viii/adb9c208-ce5d-11eb-b317-38f9d35ea60f.png,normal,False,viii
1329,/viii/adbb1946-ce5d-11eb-b317-38f9d35ea60f.png,normal,False,viii
1330,/viii/adbc7d54-ce5d-11eb-b317-38f9d35ea60f.png,bad_label,False,viii
1331,/viii/adbd2484-ce5d-11eb-b317-38f9d35ea60f.png,outlier,True,viii
1332,/viii/adbdac6a-ce5d-11eb-b317-38f9d35ea60f.png,outlier,True,viii
1333,/viii/adbecd7a-ce5d-11eb-b317-38f9d35ea60f.png,normal,False,viii
1334,/viii/adbfa132-ce5d-11eb-b317-38f9d35ea60f.png,normal,False,viii
1335,/viii/adc0385e-ce5d-11eb-b317-38f9d35ea60f.png,normal,False,viii
1336,/viii/adc0dda4-ce5d-11eb-b317-38f9d35ea60f.png,normal,False,viii
1337,/viii/adc19938-ce5d-11eb-b317-38f9d35ea60f.png,normal,False,viii
1338,/viii/adc24216-ce5d-11eb-b317-38f9d35ea60f.png,normal,False,viii
1339,/viii/adc3c47e-ce5d-11eb-b317-38f9d35ea60f.png,normal,False,viii
1340,/viii/adc5102c-ce5d-11eb-b317-38f9d35ea60f.png,normal,False,viii
1341,/viii/adc5a596-ce5d-11eb-b317-38f9d35ea60f.png,normal,False,viii
1342,/viii/adc63916-ce5d-11eb-b317-38f9d35ea60f.png,normal,False,viii
1343,/viii/adc6c1f6-ce5d-11eb-b317-38f9d35ea60f.png,normal,False,viii
1344,/viii/adc74676-ce5d-11eb-b317-38f9d35ea60f.png,normal,False,viii
1345,/viii/adc7c952-ce5d-11eb-b317-38f9d35ea60f.png,normal,False,viii
1346,/viii/adc87d34-ce5d-11eb-b317-38f9d35ea60f.png,normal,False,viii
1347,/viii/adc93b66-ce5d-11eb-b317-38f9d35ea60f.png,normal,False,viii
1348,/viii/adc9d4cc-ce5d-11eb-b317-38f9d35ea60f.png,normal,False,viii
1349,/viii/adca693c-ce5d-11eb-b317-38f9d35ea60f.png,normal,False,viii
1350,/viii/adcb4bb8-ce5d-11eb-b317-38f9d35ea60f.png,normal,False,viii
1351,/viii/adcbf130-ce5d-11eb-b317-38f9d35ea60f.png,outlier,True,viii
1352,/viii/adcc8866-ce5d-11eb-b317-38f9d35ea60f.png,normal,False,viii
1353,/viii/adcd2744-ce5d-11eb-b317-38f9d35ea60f.png,normal,False,viii
1354,/viii/adcf5802-ce5d-11eb-b317-38f9d35ea60f.png,normal,False,viii
1355,/viii/add0f9b4-ce5d-11eb-b317-38f9d35ea60f.png,normal,False,viii
1356,/viii/add1ccf4-ce5d-11eb-b317-38f9d35ea60f.png,normal,False,viii
1357,/viii/add26b8c-ce5d-11eb-b317-38f9d35ea60f.png,normal,False,viii
1358,/viii/add3079a-ce5d-11eb-b317-38f9d35ea60f.png,normal,False,viii
1359,/viii/add3b6a4-ce5d-11eb-b317-38f9d35ea60f.png,normal,False,viii
1360,/viii/add597bc-ce5d-11eb-b317-38f9d35ea60f.png,normal,False,viii
1361,/viii/add65990-ce5d-11eb-b317-38f9d35ea60f.png,normal,False,viii
1362,/x/af9ac996-ce5d-11eb-b317-38f9d35ea60f.png,normal,False,x
1363,/x/af9b508c-ce5d-11eb-b317-38f9d35ea60f.png,outlier,True,x
1364,/x/af9bd03e-ce5d-11eb-b317-38f9d35ea60f.png,normal,False,x
1365,/x/af9c4f14-ce5d-11eb-b317-38f9d35ea60f.png,normal,False,x
1366,/x/af9cdc2c-ce5d-11eb-b317-38f9d35ea60f.png,normal,False,x
1367,/x/af9d6156-ce5d-11eb-b317-38f9d35ea60f.png,outlier,True,x
1368,/x/afa02df0-ce5d-11eb-b317-38f9d35ea60f.png,outlier,True,x
1369,/x/afa25a1c-ce5d-11eb-b317-38f9d35ea60f.png,normal,False,x
1370,/x/afa30ade-ce5d-11eb-b317-38f9d35ea60f.png,normal,False,x
1371,/x/afa44412-ce5d-11eb-b317-38f9d35ea60f.png,outlier,True,x
1372,/x/afa515f4-ce5d-11eb-b317-38f9d35ea60f.png,normal,False,x
1373,/x/afa5ab0e-ce5d-11eb-b317-38f9d35ea60f.png,normal,False,x
1374,/x/afa65090-ce5d-11eb-b317-38f9d35ea60f.png,normal,False,x
1375,/x/afa7134a-ce5d-11eb-b317-38f9d35ea60f.png,normal,False,x
1376,/x/afa7cf10-ce5d-11eb-b317-38f9d35ea60f.png,normal,False,x
1377,/x/afa8a426-ce5d-11eb-b317-38f9d35ea60f.png,normal,False,x
1378,/x/afaa4718-ce5d-11eb-b317-38f9d35ea60f.png,normal,False,x
1379,/x/afab02fc-ce5d-11eb-b317-38f9d35ea60f.png,normal,False,x
1380,/x/afac17d2-ce5d-11eb-b317-38f9d35ea60f.png,normal,False,x
1381,/x/afacbb9c-ce5d-11eb-b317-38f9d35ea60f.png,normal,False,x
1382,/x/afadc136-ce5d-11eb-b317-38f9d35ea60f.png,normal,False,x
1383,/x/afaef704-ce5d-11eb-b317-38f9d35ea60f.png,normal,False,x
1384,/x/afb15c7e-ce5d-11eb-b317-38f9d35ea60f.png,normal,False,x
1385,/x/afb29350-ce5d-11eb-b317-38f9d35ea60f.png,normal,False,x
1386,/x/afb3a1c8-ce5d-11eb-b317-38f9d35ea60f.png,normal,False,x
1387,/x/afb465ae-ce5d-11eb-b317-38f9d35ea60f.png,normal,False,x
1388,/x/afb5bae4-ce5d-11eb-b317-38f9d35ea60f.png,outlier,True,x
1389,/x/afb67952-ce5d-11eb-b317-38f9d35ea60f.png,normal,False,x
1390,/x/afb745f8-ce5d-11eb-b317-38f9d35ea60f.png,normal,False,x
1391,/x/afb9083e-ce5d-11eb-b317-38f9d35ea60f.png,normal,False,x
1392,/x/afb9b522-ce5d-11eb-b317-38f9d35ea60f.png,normal,False,x
1393,/x/afba50cc-ce5d-11eb-b317-38f9d35ea60f.png,normal,False,x
1394,/x/afbb2a06-ce5d-11eb-b317-38f9d35ea60f.png,normal,False,x
1395,/x/afbbd636-ce5d-11eb-b317-38f9d35ea60f.png,normal,False,x
1396,/x/afbc7b5e-ce5d-11eb-b317-38f9d35ea60f.png,normal,False,x
1397,/x/afbde278-ce5d-11eb-b317-38f9d35ea60f.png,normal,False,x
1398,/x/afbe68f6-ce5d-11eb-b317-38f9d35ea60f.png,normal,False,x
1399,/x/afbeed94-ce5d-11eb-b317-38f9d35ea60f.png,normal,False,x
1400,/x/afc1c046-ce5d-11eb-b317-38f9d35ea60f.png,normal,False,x
1401,/x/afc31c16-ce5d-11eb-b317-38f9d35ea60f.png,normal,False,x
1402,/x/afc3b202-ce5d-11eb-b317-38f9d35ea60f.png,normal,False,x
1403,/x/afc43cfe-ce5d-11eb-b317-38f9d35ea60f.png,normal,False,x
1404,/x/afc4ea3c-ce5d-11eb-b317-38f9d35ea60f.png,normal,False,x
1405,/x/afc66f88-ce5d-11eb-b317-38f9d35ea60f.png,normal,False,x
1406,/x/afc711e0-ce5d-11eb-b317-38f9d35ea60f.png,normal,False,x
1407,/x/afc80e24-ce5d-11eb-b317-38f9d35ea60f.png,outlier,True,x
1408,/x/afc9a734-ce5d-11eb-b317-38f9d35ea60f.png,normal,False,x
1409,/x/afca7a38-ce5d-11eb-b317-38f9d35ea60f.png,normal,False,x
1410,/x/afcb2744-ce5d-11eb-b317-38f9d35ea60f.png,normal,False,x
1411,/x/afcbd98c-ce5d-11eb-b317-38f9d35ea60f.png,normal,False,x
1412,/x/afcca40c-ce5d-11eb-b317-38f9d35ea60f.png,outlier,True,x
1413,/x/afcd7922-ce5d-11eb-b317-38f9d35ea60f.png,normal,False,x
1414,/x/afce0964-ce5d-11eb-b317-38f9d35ea60f.png,normal,False,x
1415,/x/afce9924-ce5d-11eb-b317-38f9d35ea60f.png,bad_label,False,x
1416,/x/afcf6728-ce5d-11eb-b317-38f9d35ea60f.png,normal,False,x
1417,/x/afcff09e-ce5d-11eb-b317-38f9d35ea60f.png,normal,False,x
1418,/x/afd08892-ce5d-11eb-b317-38f9d35ea60f.png,normal,False,x
1419,/x/afd15a7e-ce5d-11eb-b317-38f9d35ea60f.png,normal,False,x
1420,/x/afd2687e-ce5d-11eb-b317-38f9d35ea60f.png,normal,False,x
1421,/x/afd3064e-ce5d-11eb-b317-38f9d35ea60f.png,normal,False,x
1422,/x/afd37fb6-ce5d-11eb-b317-38f9d35ea60f.png,normal,False,x
1423,/x/afd47cd6-ce5d-11eb-b317-38f9d35ea60f.png,normal,False,x
1424,/x/afd51376-ce5d-11eb-b317-38f9d35ea60f.png,normal,False,x
1425,/x/afd5aca0-ce5d-11eb-b317-38f9d35ea60f.png,outlier,True,x
1426,/x/afd63062-ce5d-11eb-b317-38f9d35ea60f.png,normal,False,x
1427,/x/afd6c84c-ce5d-11eb-b317-38f9d35ea60f.png,normal,False,x
1428,/x/afd81b98-ce5d-11eb-b317-38f9d35ea60f.png,normal,False,x
1429,/x/afd8f676-ce5d-11eb-b317-38f9d35ea60f.png,normal,False,x
1430,/x/afda9828-ce5d-11eb-b317-38f9d35ea60f.png,normal,False,x
1431,/x/afdb2e32-ce5d-11eb-b317-38f9d35ea60f.png,normal,False,x
1432,/x/afdbca54-ce5d-11eb-b317-38f9d35ea60f.png,normal,False,x
1433,/x/afdc6f18-ce5d-11eb-b317-38f9d35ea60f.png,outlier,True,x
1434,/x/afde0440-ce5d-11eb-b317-38f9d35ea60f.png,normal,False,x
1435,/x/afdf1682-ce5d-11eb-b317-38f9d35ea60f.png,normal,False,x
1436,/x/afdfbb82-ce5d-11eb-b317-38f9d35ea60f.png,normal,False,x
1437,/x/afe0502e-ce5d-11eb-b317-38f9d35ea60f.png,normal,False,x
1438,/x/afe179fe-ce5d-11eb-b317-38f9d35ea60f.png,normal,False,x
1439,/x/afe23844-ce5d-11eb-b317-38f9d35ea60f.png,normal,False,x
1440,/x/afe35a58-ce5d-11eb-b317-38f9d35ea60f.png,normal,False,x
1441,/x/afe4eda0-ce5d-11eb-b317-38f9d35ea60f.png,normal,False,x
1442,/x/afe58c38-ce5d-11eb-b317-38f9d35ea60f.png,normal,False,x
1443,/x/afe65154-ce5d-11eb-b317-38f9d35ea60f.png,normal,False,x
1444,/x/afe73790-ce5d-11eb-b317-38f9d35ea60f.png,normal,False,x
1445,/x/afe816a6-ce5d-11eb-b317-38f9d35ea60f.png,outlier,True,x
1446,/x/afe8fc9c-ce5d-11eb-b317-38f9d35ea60f.png,normal,False,x
1447,/x/afe99c10-ce5d-11eb-b317-38f9d35ea60f.png,normal,False,x
1448,/x/afea4872-ce5d-11eb-b317-38f9d35ea60f.png,normal,False,x
1449,/x/afeb083e-ce5d-11eb-b317-38f9d35ea60f.png,normal,False,x
1450,/x/afebbdf6-ce5d-11eb-b317-38f9d35ea60f.png,normal,False,x
1451,/x/afec6274-ce5d-11eb-b317-38f9d35ea60f.png,normal,False,x
1452,/x/afeceb72-ce5d-11eb-b317-38f9d35ea60f.png,normal,False,x
1453,/x/afed7204-ce5d-11eb-b317-38f9d35ea60f.png,normal,False,x
1454,/x/afee0a34-ce5d-11eb-b317-38f9d35ea60f.png,normal,False,x
1455,/x/afee9e86-ce5d-11eb-b317-38f9d35ea60f.png,outlier,True,x
1456,/x/afef4f98-ce5d-11eb-b317-38f9d35ea60f.png,normal,False,x
1457,/x/aff0f85c-ce5d-11eb-b317-38f9d35ea60f.png,normal,False,x
1458,/x/aff1a37e-ce5d-11eb-b317-38f9d35ea60f.png,outlier,True,x
1459,/x/aff238ac-ce5d-11eb-b317-38f9d35ea60f.png,normal,False,x
1460,/x/aff36812-ce5d-11eb-b317-38f9d35ea60f.png,normal,False,x
1461,/x/aff4dbf2-ce5d-11eb-b317-38f9d35ea60f.png,normal,False,x
1462,/x/aff57986-ce5d-11eb-b317-38f9d35ea60f.png,normal,False,x
1463,/x/aff65cde-ce5d-11eb-b317-38f9d35ea60f.png,normal,False,x
1464,/x/aff72650-ce5d-11eb-b317-38f9d35ea60f.png,normal,False,x
1465,/x/aff99ec6-ce5d-11eb-b317-38f9d35ea60f.png,normal,False,x
1466,/x/affad110-ce5d-11eb-b317-38f9d35ea60f.png,normal,False,x
1467,/x/affb74c6-ce5d-11eb-b317-38f9d35ea60f.png,normal,False,x
1468,/x/affbf892-ce5d-11eb-b317-38f9d35ea60f.png,normal,False,x
1469,/x/affdf5ac-ce5d-11eb-b317-38f9d35ea60f.png,normal,False,x
1470,/x/affe9854-ce5d-11eb-b317-38f9d35ea60f.png,normal,False,x
1471,/x/afff30a2-ce5d-11eb-b317-38f9d35ea60f.png,normal,False,x
1472,/x/b0005388-ce5d-11eb-b317-38f9d35ea60f.png,normal,False,x
1473,/x/b000f5d6-ce5d-11eb-b317-38f9d35ea60f.png,outlier,True,x
1474,/x/b00177cc-ce5d-11eb-b317-38f9d35ea60f.png,normal,False,x
1475,/x/b00213e4-ce5d-11eb-b317-38f9d35ea60f.png,normal,False,x
1476,/x/b002c762-ce5d-11eb-b317-38f9d35ea60f.png,normal,False,x
1477,/x/b0037b94-ce5d-11eb-b317-38f9d35ea60f.png,normal,False,x
1478,/x/b00430ca-ce5d-11eb-b317-38f9d35ea60f.png,normal,False,x
1479,/x/b004f38e-ce5d-11eb-b317-38f9d35ea60f.png,normal,False,x
1480,/x/b0072a6e-ce5d-11eb-b317-38f9d35ea60f.png,normal,False,x
1481,/x/b0083ec2-ce5d-11eb-b317-38f9d35ea60f.png,normal,False,x
1482,/x/b008d7d8-ce5d-11eb-b317-38f9d35ea60f.png,normal,False,x
1483,/x/b00a7462-ce5d-11eb-b317-38f9d35ea60f.png,normal,False,x
1484,/x/b00af860-ce5d-11eb-b317-38f9d35ea60f.png,normal,False,x
1485,/x/b00b8cc6-ce5d-11eb-b317-38f9d35ea60f.png,normal,False,x
1486,/x/b00db758-ce5d-11eb-b317-38f9d35ea60f.png,normal,False,x
1487,/x/b00f3c7c-ce5d-11eb-b317-38f9d35ea60f.png,normal,False,x
1488,/x/b010657a-ce5d-11eb-b317-38f9d35ea60f.png,normal,False,x
1489,/x/b010f1f2-ce5d-11eb-b317-38f9d35ea60f.png,normal,False,x
1490,/x/b011dc5c-ce5d-11eb-b317-38f9d35ea60f.png,normal,False,x
1491,/x/b012af88-ce5d-11eb-b317-38f9d35ea60f.png,outlier,True,x
1492,/x/b0134628-ce5d-11eb-b317-38f9d35ea60f.png,normal,False,x
1493,/x/b013df3e-ce5d-11eb-b317-38f9d35ea60f.png,normal,False,x
1494,/x/b014bee0-ce5d-11eb-b317-38f9d35ea60f.png,normal,False,x
1495,/x/b01b043a-ce5d-11eb-b317-38f9d35ea60f.png,normal,False,x
1496,/x/b01bf9f8-ce5d-11eb-b317-38f9d35ea60f.png,normal,False,x
1497,/x/b01cd51c-ce5d-11eb-b317-38f9d35ea60f.png,normal,False,x
1498,/x/b01d760c-ce5d-11eb-b317-38f9d35ea60f.png,normal,False,x
1499,/x/b01e4744-ce5d-11eb-b317-38f9d35ea60f.png,normal,False,x
1500,/x/b01f03fa-ce5d-11eb-b317-38f9d35ea60f.png,normal,False,x
1501,/x/b01f83b6-ce5d-11eb-b317-38f9d35ea60f.png,normal,False,x
1502,/x/b020354a-ce5d-11eb-b317-38f9d35ea60f.png,normal,False,x
1503,/x/b020fc0a-ce5d-11eb-b317-38f9d35ea60f.png,normal,False,x
1504,/x/b021ace0-ce5d-11eb-b317-38f9d35ea60f.png,normal,False,x
1505,/x/b0223660-ce5d-11eb-b317-38f9d35ea60f.png,normal,False,x
1506,/x/b022ccce-ce5d-11eb-b317-38f9d35ea60f.png,normal,False,x
1507,/x/b0235b76-ce5d-11eb-b317-38f9d35ea60f.png,normal,False,x
1508,/x/b023ed3e-ce5d-11eb-b317-38f9d35ea60f.png,normal,False,x
1509,/x/b0247ab0-ce5d-11eb-b317-38f9d35ea60f.png,normal,False,x
1510,/x/b025799c-ce5d-11eb-b317-38f9d35ea60f.png,normal,False,x
1511,/x/b02616ea-ce5d-11eb-b317-38f9d35ea60f.png,normal,False,x
1512,/x/b0269fa2-ce5d-11eb-b317-38f9d35ea60f.png,normal,False,x
1513,/x/b0276dc4-ce5d-11eb-b317-38f9d35ea60f.png,normal,False,x
1514,/x/b0283a38-ce5d-11eb-b317-38f9d35ea60f.png,normal,False,x
