,fp,dataset,truth,prediction
0,dcai_gcb_08/dcai_gcb_08/val/i/b170ba82-ce5d-11eb-b317-38f9d35ea60f.png,val,1.0,1
1,dcai_gcb_08/dcai_gcb_08/val/i/b1715456-ce5d-11eb-b317-38f9d35ea60f.png,val,1.0,1
2,dcai_gcb_08/dcai_gcb_08/val/i/b171d700-ce5d-11eb-b317-38f9d35ea60f.png,val,1.0,1
3,dcai_gcb_08/dcai_gcb_08/val/i/b1725dec-ce5d-11eb-b317-38f9d35ea60f.png,val,1.0,1
4,dcai_gcb_08/dcai_gcb_08/val/i/b17352ce-ce5d-11eb-b317-38f9d35ea60f.png,val,1.0,1
5,dcai_gcb_08/dcai_gcb_08/val/i/b1742816-ce5d-11eb-b317-38f9d35ea60f.png,val,1.0,1
6,dcai_gcb_08/dcai_gcb_08/val/i/b174cc6c-ce5d-11eb-b317-38f9d35ea60f.png,val,1.0,1
7,dcai_gcb_08/dcai_gcb_08/val/i/b175c57c-ce5d-11eb-b317-38f9d35ea60f.png,val,1.0,1
8,dcai_gcb_08/dcai_gcb_08/val/i/b176a370-ce5d-11eb-b317-38f9d35ea60f.png,val,1.0,1
9,dcai_gcb_08/dcai_gcb_08/val/i/b177400a-ce5d-11eb-b317-38f9d35ea60f.png,val,1.0,1
10,dcai_gcb_08/dcai_gcb_08/val/i/b178641c-ce5d-11eb-b317-38f9d35ea60f.png,val,1.0,1
11,dcai_gcb_08/dcai_gcb_08/val/i/b1794b20-ce5d-11eb-b317-38f9d35ea60f.png,val,1.0,1
12,dcai_gcb_08/dcai_gcb_08/val/i/b179f390-ce5d-11eb-b317-38f9d35ea60f.png,val,1.0,1
13,dcai_gcb_08/dcai_gcb_08/val/i/b17af470-ce5d-11eb-b317-38f9d35ea60f.png,val,1.0,1
14,dcai_gcb_08/dcai_gcb_08/val/i/b17ba50a-ce5d-11eb-b317-38f9d35ea60f.png,val,1.0,1
15,dcai_gcb_08/dcai_gcb_08/val/i/b17c40b4-ce5d-11eb-b317-38f9d35ea60f.png,val,1.0,1
16,dcai_gcb_08/dcai_gcb_08/val/i/b17cd2fe-ce5d-11eb-b317-38f9d35ea60f.png,val,1.0,1
17,dcai_gcb_08/dcai_gcb_08/val/i/b17dc2f4-ce5d-11eb-b317-38f9d35ea60f.png,val,1.0,1
18,dcai_gcb_08/dcai_gcb_08/val/i/b17f39ea-ce5d-11eb-b317-38f9d35ea60f.png,val,1.0,1
19,dcai_gcb_08/dcai_gcb_08/val/i/b17fe6d8-ce5d-11eb-b317-38f9d35ea60f.png,val,1.0,1
20,dcai_gcb_08/dcai_gcb_08/val/i/b1809588-ce5d-11eb-b317-38f9d35ea60f.png,val,1.0,1
21,dcai_gcb_08/dcai_gcb_08/val/i/b181282c-ce5d-11eb-b317-38f9d35ea60f.png,val,1.0,1
22,dcai_gcb_08/dcai_gcb_08/val/i/b181b99a-ce5d-11eb-b317-38f9d35ea60f.png,val,1.0,1
23,dcai_gcb_08/dcai_gcb_08/val/i/b1829914-ce5d-11eb-b317-38f9d35ea60f.png,val,1.0,1
24,dcai_gcb_08/dcai_gcb_08/val/i/b1837bfe-ce5d-11eb-b317-38f9d35ea60f.png,val,1.0,1
25,dcai_gcb_08/dcai_gcb_08/val/i/b18436ac-ce5d-11eb-b317-38f9d35ea60f.png,val,1.0,1
26,dcai_gcb_08/dcai_gcb_08/val/i/b1850ba4-ce5d-11eb-b317-38f9d35ea60f.png,val,1.0,1
27,dcai_gcb_08/dcai_gcb_08/val/i/b185f76c-ce5d-11eb-b317-38f9d35ea60f.png,val,1.0,1
28,dcai_gcb_08/dcai_gcb_08/val/i/b186ca2a-ce5d-11eb-b317-38f9d35ea60f.png,val,1.0,1
29,dcai_gcb_08/dcai_gcb_08/val/i/b1878514-ce5d-11eb-b317-38f9d35ea60f.png,val,1.0,1
30,dcai_gcb_08/dcai_gcb_08/val/i/b1884e40-ce5d-11eb-b317-38f9d35ea60f.png,val,1.0,1
31,dcai_gcb_08/dcai_gcb_08/val/i/b1894322-ce5d-11eb-b317-38f9d35ea60f.png,val,1.0,1
32,dcai_gcb_08/dcai_gcb_08/val/i/b18a3566-ce5d-11eb-b317-38f9d35ea60f.png,val,1.0,1
33,dcai_gcb_08/dcai_gcb_08/val/i/b18adde0-ce5d-11eb-b317-38f9d35ea60f.png,val,1.0,1
34,dcai_gcb_08/dcai_gcb_08/val/i/b18c1688-ce5d-11eb-b317-38f9d35ea60f.png,val,1.0,1
35,dcai_gcb_08/dcai_gcb_08/val/i/b18d8c98-ce5d-11eb-b317-38f9d35ea60f.png,val,1.0,1
36,dcai_gcb_08/dcai_gcb_08/val/i/b18e7284-ce5d-11eb-b317-38f9d35ea60f.png,val,1.0,1
37,dcai_gcb_08/dcai_gcb_08/val/i/b18f596a-ce5d-11eb-b317-38f9d35ea60f.png,val,1.0,1
38,dcai_gcb_08/dcai_gcb_08/val/i/b1905568-ce5d-11eb-b317-38f9d35ea60f.png,val,1.0,1
39,dcai_gcb_08/dcai_gcb_08/val/i/b190eca8-ce5d-11eb-b317-38f9d35ea60f.png,val,1.0,1
40,dcai_gcb_08/dcai_gcb_08/val/i/b191d4ba-ce5d-11eb-b317-38f9d35ea60f.png,val,1.0,1
41,dcai_gcb_08/dcai_gcb_08/val/i/b194b41e-ce5d-11eb-b317-38f9d35ea60f.png,val,1.0,1
42,dcai_gcb_08/dcai_gcb_08/val/i/b1958394-ce5d-11eb-b317-38f9d35ea60f.png,val,1.0,1
43,dcai_gcb_08/dcai_gcb_08/val/i/b1964f4a-ce5d-11eb-b317-38f9d35ea60f.png,val,1.0,1
44,dcai_gcb_08/dcai_gcb_08/val/i/b197a7f0-ce5d-11eb-b317-38f9d35ea60f.png,val,1.0,1
45,dcai_gcb_08/dcai_gcb_08/val/i/b1985646-ce5d-11eb-b317-38f9d35ea60f.png,val,1.0,1
46,dcai_gcb_08/dcai_gcb_08/val/i/b1994222-ce5d-11eb-b317-38f9d35ea60f.png,val,1.0,1
47,dcai_gcb_08/dcai_gcb_08/val/i/b19a3ff6-ce5d-11eb-b317-38f9d35ea60f.png,val,1.0,1
48,dcai_gcb_08/dcai_gcb_08/val/i/b19aedf2-ce5d-11eb-b317-38f9d35ea60f.png,val,1.0,1
49,dcai_gcb_08/dcai_gcb_08/val/i/b19c14de-ce5d-11eb-b317-38f9d35ea60f.png,val,1.0,1
50,dcai_gcb_08/dcai_gcb_08/val/i/b19d7388-ce5d-11eb-b317-38f9d35ea60f.png,val,1.0,1
51,dcai_gcb_08/dcai_gcb_08/val/i/b19e2f8a-ce5d-11eb-b317-38f9d35ea60f.png,val,1.0,1
52,dcai_gcb_08/dcai_gcb_08/val/i/b19ede08-ce5d-11eb-b317-38f9d35ea60f.png,val,1.0,1
53,dcai_gcb_08/dcai_gcb_08/val/i/b19f714c-ce5d-11eb-b317-38f9d35ea60f.png,val,1.0,1
54,dcai_gcb_08/dcai_gcb_08/val/i/b19ff702-ce5d-11eb-b317-38f9d35ea60f.png,val,1.0,1
55,dcai_gcb_08/dcai_gcb_08/val/i/b1a08a00-ce5d-11eb-b317-38f9d35ea60f.png,val,1.0,1
56,dcai_gcb_08/dcai_gcb_08/val/i/b1a150f2-ce5d-11eb-b317-38f9d35ea60f.png,val,1.0,1
57,dcai_gcb_08/dcai_gcb_08/val/i/b1a29174-ce5d-11eb-b317-38f9d35ea60f.png,val,1.0,1
58,dcai_gcb_08/dcai_gcb_08/val/i/b1a37878-ce5d-11eb-b317-38f9d35ea60f.png,val,1.0,1
59,dcai_gcb_08/dcai_gcb_08/val/i/b1a41774-ce5d-11eb-b317-38f9d35ea60f.png,val,1.0,1
60,dcai_gcb_08/dcai_gcb_08/val/i/b1a4b210-ce5d-11eb-b317-38f9d35ea60f.png,val,1.0,1
61,dcai_gcb_08/dcai_gcb_08/val/i/b1a5630e-ce5d-11eb-b317-38f9d35ea60f.png,val,1.0,1
62,dcai_gcb_08/dcai_gcb_08/val/i/b1a66e16-ce5d-11eb-b317-38f9d35ea60f.png,val,1.0,1
63,dcai_gcb_08/dcai_gcb_08/val/i/b1a71b2c-ce5d-11eb-b317-38f9d35ea60f.png,val,1.0,1
64,dcai_gcb_08/dcai_gcb_08/val/i/b1a7c54a-ce5d-11eb-b317-38f9d35ea60f.png,val,1.0,1
65,dcai_gcb_08/dcai_gcb_08/val/i/b1a93a42-ce5d-11eb-b317-38f9d35ea60f.png,val,1.0,1
66,dcai_gcb_08/dcai_gcb_08/val/i/b1aa0d14-ce5d-11eb-b317-38f9d35ea60f.png,val,1.0,1
67,dcai_gcb_08/dcai_gcb_08/val/i/b1aab728-ce5d-11eb-b317-38f9d35ea60f.png,val,1.0,1
68,dcai_gcb_08/dcai_gcb_08/val/i/b1ab8d60-ce5d-11eb-b317-38f9d35ea60f.png,val,1.0,1
69,dcai_gcb_08/dcai_gcb_08/val/i/b1ac72d4-ce5d-11eb-b317-38f9d35ea60f.png,val,1.0,1
70,dcai_gcb_08/dcai_gcb_08/val/i/b1ad0ee2-ce5d-11eb-b317-38f9d35ea60f.png,val,1.0,1
71,dcai_gcb_08/dcai_gcb_08/val/i/b1adda0c-ce5d-11eb-b317-38f9d35ea60f.png,val,1.0,1
72,dcai_gcb_08/dcai_gcb_08/val/i/b1ae8fce-ce5d-11eb-b317-38f9d35ea60f.png,val,1.0,1
73,dcai_gcb_08/dcai_gcb_08/val/i/b1af256a-ce5d-11eb-b317-38f9d35ea60f.png,val,1.0,1
74,dcai_gcb_08/dcai_gcb_08/val/i/b1afbd04-ce5d-11eb-b317-38f9d35ea60f.png,val,1.0,1
75,dcai_gcb_08/dcai_gcb_08/val/i/b1b0ab88-ce5d-11eb-b317-38f9d35ea60f.png,val,1.0,1
76,dcai_gcb_08/dcai_gcb_08/val/i/b1b1c82e-ce5d-11eb-b317-38f9d35ea60f.png,val,1.0,1
77,dcai_gcb_08/dcai_gcb_08/val/i/b1b273c8-ce5d-11eb-b317-38f9d35ea60f.png,val,1.0,1
78,dcai_gcb_08/dcai_gcb_08/val/i/b1b31c10-ce5d-11eb-b317-38f9d35ea60f.png,val,1.0,1
79,dcai_gcb_08/dcai_gcb_08/val/i/b1b3aea0-ce5d-11eb-b317-38f9d35ea60f.png,val,1.0,1
80,dcai_gcb_08/dcai_gcb_08/val/ii/b1343fe4-ce5d-11eb-b317-38f9d35ea60f.png,val,2.0,2
81,dcai_gcb_08/dcai_gcb_08/val/ii/b134e174-ce5d-11eb-b317-38f9d35ea60f.png,val,2.0,2
82,dcai_gcb_08/dcai_gcb_08/val/ii/b1357c24-ce5d-11eb-b317-38f9d35ea60f.png,val,2.0,2
83,dcai_gcb_08/dcai_gcb_08/val/ii/b13655cc-ce5d-11eb-b317-38f9d35ea60f.png,val,2.0,2
84,dcai_gcb_08/dcai_gcb_08/val/ii/b1375ec2-ce5d-11eb-b317-38f9d35ea60f.png,val,2.0,2
85,dcai_gcb_08/dcai_gcb_08/val/ii/b1380f52-ce5d-11eb-b317-38f9d35ea60f.png,val,2.0,2
86,dcai_gcb_08/dcai_gcb_08/val/ii/b138d2e8-ce5d-11eb-b317-38f9d35ea60f.png,val,2.0,2
87,dcai_gcb_08/dcai_gcb_08/val/ii/b13a44fc-ce5d-11eb-b317-38f9d35ea60f.png,val,2.0,2
88,dcai_gcb_08/dcai_gcb_08/val/ii/b13b027a-ce5d-11eb-b317-38f9d35ea60f.png,val,2.0,2
89,dcai_gcb_08/dcai_gcb_08/val/ii/b13baf2c-ce5d-11eb-b317-38f9d35ea60f.png,val,2.0,2
90,dcai_gcb_08/dcai_gcb_08/val/ii/b13c3f78-ce5d-11eb-b317-38f9d35ea60f.png,val,2.0,2
91,dcai_gcb_08/dcai_gcb_08/val/ii/b13cf1de-ce5d-11eb-b317-38f9d35ea60f.png,val,2.0,2
92,dcai_gcb_08/dcai_gcb_08/val/ii/b13db89e-ce5d-11eb-b317-38f9d35ea60f.png,val,2.0,2
93,dcai_gcb_08/dcai_gcb_08/val/ii/b13e7b12-ce5d-11eb-b317-38f9d35ea60f.png,val,2.0,2
94,dcai_gcb_08/dcai_gcb_08/val/ii/b13f2f1c-ce5d-11eb-b317-38f9d35ea60f.png,val,2.0,2
95,dcai_gcb_08/dcai_gcb_08/val/ii/b13fda52-ce5d-11eb-b317-38f9d35ea60f.png,val,2.0,2
96,dcai_gcb_08/dcai_gcb_08/val/ii/b140b850-ce5d-11eb-b317-38f9d35ea60f.png,val,2.0,2
97,dcai_gcb_08/dcai_gcb_08/val/ii/b14146f8-ce5d-11eb-b317-38f9d35ea60f.png,val,2.0,2
98,dcai_gcb_08/dcai_gcb_08/val/ii/b141dac8-ce5d-11eb-b317-38f9d35ea60f.png,val,2.0,2
99,dcai_gcb_08/dcai_gcb_08/val/ii/b14340de-ce5d-11eb-b317-38f9d35ea60f.png,val,2.0,2
100,dcai_gcb_08/dcai_gcb_08/val/ii/b143f70e-ce5d-11eb-b317-38f9d35ea60f.png,val,2.0,2
101,dcai_gcb_08/dcai_gcb_08/val/ii/b1448f7a-ce5d-11eb-b317-38f9d35ea60f.png,val,2.0,2
102,dcai_gcb_08/dcai_gcb_08/val/ii/b1456f62-ce5d-11eb-b317-38f9d35ea60f.png,val,2.0,2
103,dcai_gcb_08/dcai_gcb_08/val/ii/b1460fbc-ce5d-11eb-b317-38f9d35ea60f.png,val,2.0,2
104,dcai_gcb_08/dcai_gcb_08/val/ii/b146fb5c-ce5d-11eb-b317-38f9d35ea60f.png,val,2.0,2
105,dcai_gcb_08/dcai_gcb_08/val/ii/b1483d96-ce5d-11eb-b317-38f9d35ea60f.png,val,2.0,2
106,dcai_gcb_08/dcai_gcb_08/val/ii/b148f740-ce5d-11eb-b317-38f9d35ea60f.png,val,2.0,2
107,dcai_gcb_08/dcai_gcb_08/val/ii/b149af64-ce5d-11eb-b317-38f9d35ea60f.png,val,2.0,2
108,dcai_gcb_08/dcai_gcb_08/val/ii/b14bdd8e-ce5d-11eb-b317-38f9d35ea60f.png,val,2.0,2
109,dcai_gcb_08/dcai_gcb_08/val/ii/b14c6b82-ce5d-11eb-b317-38f9d35ea60f.png,val,2.0,2
110,dcai_gcb_08/dcai_gcb_08/val/ii/b14d19c4-ce5d-11eb-b317-38f9d35ea60f.png,val,2.0,2
111,dcai_gcb_08/dcai_gcb_08/val/ii/b14da380-ce5d-11eb-b317-38f9d35ea60f.png,val,2.0,2
112,dcai_gcb_08/dcai_gcb_08/val/ii/b14e4ea2-ce5d-11eb-b317-38f9d35ea60f.png,val,2.0,2
113,dcai_gcb_08/dcai_gcb_08/val/ii/b14f004a-ce5d-11eb-b317-38f9d35ea60f.png,val,2.0,2
114,dcai_gcb_08/dcai_gcb_08/val/ii/b15083fc-ce5d-11eb-b317-38f9d35ea60f.png,val,2.0,2
115,dcai_gcb_08/dcai_gcb_08/val/ii/b1511862-ce5d-11eb-b317-38f9d35ea60f.png,val,2.0,2
116,dcai_gcb_08/dcai_gcb_08/val/ii/b151b448-ce5d-11eb-b317-38f9d35ea60f.png,val,2.0,2
117,dcai_gcb_08/dcai_gcb_08/val/ii/b1528c06-ce5d-11eb-b317-38f9d35ea60f.png,val,2.0,2
118,dcai_gcb_08/dcai_gcb_08/val/ii/b153b87e-ce5d-11eb-b317-38f9d35ea60f.png,val,2.0,2
119,dcai_gcb_08/dcai_gcb_08/val/ii/b1546eb8-ce5d-11eb-b317-38f9d35ea60f.png,val,2.0,2
120,dcai_gcb_08/dcai_gcb_08/val/ii/b1550f08-ce5d-11eb-b317-38f9d35ea60f.png,val,2.0,2
121,dcai_gcb_08/dcai_gcb_08/val/ii/b155dfd2-ce5d-11eb-b317-38f9d35ea60f.png,val,2.0,2
122,dcai_gcb_08/dcai_gcb_08/val/ii/b156ad9a-ce5d-11eb-b317-38f9d35ea60f.png,val,2.0,2
123,dcai_gcb_08/dcai_gcb_08/val/ii/b157b2a8-ce5d-11eb-b317-38f9d35ea60f.png,val,2.0,2
124,dcai_gcb_08/dcai_gcb_08/val/ii/b1587044-ce5d-11eb-b317-38f9d35ea60f.png,val,2.0,2
125,dcai_gcb_08/dcai_gcb_08/val/ii/b1590d9c-ce5d-11eb-b317-38f9d35ea60f.png,val,2.0,2
126,dcai_gcb_08/dcai_gcb_08/val/ii/b159b1de-ce5d-11eb-b317-38f9d35ea60f.png,val,2.0,2
127,dcai_gcb_08/dcai_gcb_08/val/ii/b15a3c44-ce5d-11eb-b317-38f9d35ea60f.png,val,2.0,2
128,dcai_gcb_08/dcai_gcb_08/val/ii/b15af2ec-ce5d-11eb-b317-38f9d35ea60f.png,val,2.0,2
129,dcai_gcb_08/dcai_gcb_08/val/ii/b15b8338-ce5d-11eb-b317-38f9d35ea60f.png,val,2.0,2
130,dcai_gcb_08/dcai_gcb_08/val/ii/b15c829c-ce5d-11eb-b317-38f9d35ea60f.png,val,2.0,2
131,dcai_gcb_08/dcai_gcb_08/val/ii/b15d4984-ce5d-11eb-b317-38f9d35ea60f.png,val,2.0,2
132,dcai_gcb_08/dcai_gcb_08/val/ii/b15de25e-ce5d-11eb-b317-38f9d35ea60f.png,val,2.0,2
133,dcai_gcb_08/dcai_gcb_08/val/ii/b15eea28-ce5d-11eb-b317-38f9d35ea60f.png,val,2.0,2
134,dcai_gcb_08/dcai_gcb_08/val/ii/b15fc362-ce5d-11eb-b317-38f9d35ea60f.png,val,2.0,2
135,dcai_gcb_08/dcai_gcb_08/val/ii/b1605160-ce5d-11eb-b317-38f9d35ea60f.png,val,2.0,2
136,dcai_gcb_08/dcai_gcb_08/val/ii/b160f03e-ce5d-11eb-b317-38f9d35ea60f.png,val,2.0,2
137,dcai_gcb_08/dcai_gcb_08/val/ii/b161b9f6-ce5d-11eb-b317-38f9d35ea60f.png,val,2.0,2
138,dcai_gcb_08/dcai_gcb_08/val/ii/b1624ede-ce5d-11eb-b317-38f9d35ea60f.png,val,2.0,2
139,dcai_gcb_08/dcai_gcb_08/val/ii/b16325a2-ce5d-11eb-b317-38f9d35ea60f.png,val,2.0,2
140,dcai_gcb_08/dcai_gcb_08/val/ii/b163d8f8-ce5d-11eb-b317-38f9d35ea60f.png,val,2.0,2
141,dcai_gcb_08/dcai_gcb_08/val/ii/b16472d6-ce5d-11eb-b317-38f9d35ea60f.png,val,2.0,2
142,dcai_gcb_08/dcai_gcb_08/val/ii/b165481e-ce5d-11eb-b317-38f9d35ea60f.png,val,2.0,2
143,dcai_gcb_08/dcai_gcb_08/val/ii/b16642c8-ce5d-11eb-b317-38f9d35ea60f.png,val,2.0,2
144,dcai_gcb_08/dcai_gcb_08/val/ii/b1670fd2-ce5d-11eb-b317-38f9d35ea60f.png,val,2.0,2
145,dcai_gcb_08/dcai_gcb_08/val/ii/b167abfe-ce5d-11eb-b317-38f9d35ea60f.png,val,2.0,2
146,dcai_gcb_08/dcai_gcb_08/val/ii/b1685db0-ce5d-11eb-b317-38f9d35ea60f.png,val,2.0,2
147,dcai_gcb_08/dcai_gcb_08/val/ii/b1692d58-ce5d-11eb-b317-38f9d35ea60f.png,val,2.0,2
148,dcai_gcb_08/dcai_gcb_08/val/ii/b16a1c40-ce5d-11eb-b317-38f9d35ea60f.png,val,2.0,2
149,dcai_gcb_08/dcai_gcb_08/val/ii/b16ab574-ce5d-11eb-b317-38f9d35ea60f.png,val,2.0,2
150,dcai_gcb_08/dcai_gcb_08/val/ii/b16bae52-ce5d-11eb-b317-38f9d35ea60f.png,val,2.0,2
151,dcai_gcb_08/dcai_gcb_08/val/ii/b16c5622-ce5d-11eb-b317-38f9d35ea60f.png,val,2.0,2
152,dcai_gcb_08/dcai_gcb_08/val/ii/b16d87a4-ce5d-11eb-b317-38f9d35ea60f.png,val,2.0,2
153,dcai_gcb_08/dcai_gcb_08/val/ii/b16e4720-ce5d-11eb-b317-38f9d35ea60f.png,val,2.0,2
154,dcai_gcb_08/dcai_gcb_08/val/ii/b16ee8c4-ce5d-11eb-b317-38f9d35ea60f.png,val,2.0,2
155,dcai_gcb_08/dcai_gcb_08/val/ii/b16faed0-ce5d-11eb-b317-38f9d35ea60f.png,val,2.0,2
156,dcai_gcb_08/dcai_gcb_08/val/iii/b33eab44-ce5d-11eb-b317-38f9d35ea60f.png,val,3.0,3
157,dcai_gcb_08/dcai_gcb_08/val/iii/b33f918a-ce5d-11eb-b317-38f9d35ea60f.png,val,3.0,3
158,dcai_gcb_08/dcai_gcb_08/val/iii/b34039c8-ce5d-11eb-b317-38f9d35ea60f.png,val,3.0,3
159,dcai_gcb_08/dcai_gcb_08/val/iii/b340e742-ce5d-11eb-b317-38f9d35ea60f.png,val,3.0,3
160,dcai_gcb_08/dcai_gcb_08/val/iii/b3421798-ce5d-11eb-b317-38f9d35ea60f.png,val,3.0,3
161,dcai_gcb_08/dcai_gcb_08/val/iii/b342e498-ce5d-11eb-b317-38f9d35ea60f.png,val,3.0,3
162,dcai_gcb_08/dcai_gcb_08/val/iii/b3437f02-ce5d-11eb-b317-38f9d35ea60f.png,val,3.0,3
163,dcai_gcb_08/dcai_gcb_08/val/iii/b3441f16-ce5d-11eb-b317-38f9d35ea60f.png,val,3.0,3
164,dcai_gcb_08/dcai_gcb_08/val/iii/b344bee4-ce5d-11eb-b317-38f9d35ea60f.png,val,3.0,3
165,dcai_gcb_08/dcai_gcb_08/val/iii/b34557f0-ce5d-11eb-b317-38f9d35ea60f.png,val,3.0,3
166,dcai_gcb_08/dcai_gcb_08/val/iii/b345ee9a-ce5d-11eb-b317-38f9d35ea60f.png,val,3.0,3
167,dcai_gcb_08/dcai_gcb_08/val/iii/b346a344-ce5d-11eb-b317-38f9d35ea60f.png,val,3.0,3
168,dcai_gcb_08/dcai_gcb_08/val/iii/b34837e0-ce5d-11eb-b317-38f9d35ea60f.png,val,3.0,3
169,dcai_gcb_08/dcai_gcb_08/val/iii/b348f964-ce5d-11eb-b317-38f9d35ea60f.png,val,3.0,3
170,dcai_gcb_08/dcai_gcb_08/val/iii/b349cfec-ce5d-11eb-b317-38f9d35ea60f.png,val,3.0,3
171,dcai_gcb_08/dcai_gcb_08/val/iii/b34a7334-ce5d-11eb-b317-38f9d35ea60f.png,val,3.0,3
172,dcai_gcb_08/dcai_gcb_08/val/iii/b34b2112-ce5d-11eb-b317-38f9d35ea60f.png,val,3.0,3
173,dcai_gcb_08/dcai_gcb_08/val/iii/b34cc864-ce5d-11eb-b317-38f9d35ea60f.png,val,3.0,3
174,dcai_gcb_08/dcai_gcb_08/val/iii/b34da87e-ce5d-11eb-b317-38f9d35ea60f.png,val,3.0,3
175,dcai_gcb_08/dcai_gcb_08/val/iii/b34e5ea4-ce5d-11eb-b317-38f9d35ea60f.png,val,3.0,3
176,dcai_gcb_08/dcai_gcb_08/val/iii/b34f0520-ce5d-11eb-b317-38f9d35ea60f.png,val,3.0,3
177,dcai_gcb_08/dcai_gcb_08/val/iii/b34fc15e-ce5d-11eb-b317-38f9d35ea60f.png,val,3.0,3
178,dcai_gcb_08/dcai_gcb_08/val/iii/b3507d2e-ce5d-11eb-b317-38f9d35ea60f.png,val,3.0,3
179,dcai_gcb_08/dcai_gcb_08/val/iii/b35159e2-ce5d-11eb-b317-38f9d35ea60f.png,val,3.0,3
180,dcai_gcb_08/dcai_gcb_08/val/iii/b3524366-ce5d-11eb-b317-38f9d35ea60f.png,val,3.0,3
181,dcai_gcb_08/dcai_gcb_08/val/iii/b352e30c-ce5d-11eb-b317-38f9d35ea60f.png,val,3.0,3
182,dcai_gcb_08/dcai_gcb_08/val/iii/b3540124-ce5d-11eb-b317-38f9d35ea60f.png,val,3.0,3
183,dcai_gcb_08/dcai_gcb_08/val/iii/b354aa0c-ce5d-11eb-b317-38f9d35ea60f.png,val,3.0,3
184,dcai_gcb_08/dcai_gcb_08/val/iii/b355bf8c-ce5d-11eb-b317-38f9d35ea60f.png,val,3.0,3
185,dcai_gcb_08/dcai_gcb_08/val/iii/b356edbc-ce5d-11eb-b317-38f9d35ea60f.png,val,3.0,3
186,dcai_gcb_08/dcai_gcb_08/val/iii/b3579bb8-ce5d-11eb-b317-38f9d35ea60f.png,val,3.0,3
187,dcai_gcb_08/dcai_gcb_08/val/iii/b3582cc2-ce5d-11eb-b317-38f9d35ea60f.png,val,3.0,3
188,dcai_gcb_08/dcai_gcb_08/val/iii/b3591560-ce5d-11eb-b317-38f9d35ea60f.png,val,3.0,3
189,dcai_gcb_08/dcai_gcb_08/val/iii/b359bba0-ce5d-11eb-b317-38f9d35ea60f.png,val,3.0,3
190,dcai_gcb_08/dcai_gcb_08/val/iii/b35ae516-ce5d-11eb-b317-38f9d35ea60f.png,val,3.0,3
191,dcai_gcb_08/dcai_gcb_08/val/iii/b35d5990-ce5d-11eb-b317-38f9d35ea60f.png,val,3.0,3
192,dcai_gcb_08/dcai_gcb_08/val/iii/b35e61b4-ce5d-11eb-b317-38f9d35ea60f.png,val,3.0,3
193,dcai_gcb_08/dcai_gcb_08/val/iii/b35ef2b4-ce5d-11eb-b317-38f9d35ea60f.png,val,3.0,3
194,dcai_gcb_08/dcai_gcb_08/val/iii/b35f78b0-ce5d-11eb-b317-38f9d35ea60f.png,val,3.0,3
195,dcai_gcb_08/dcai_gcb_08/val/iii/b3626660-ce5d-11eb-b317-38f9d35ea60f.png,val,3.0,3
196,dcai_gcb_08/dcai_gcb_08/val/iii/b364df4e-ce5d-11eb-b317-38f9d35ea60f.png,val,3.0,3
197,dcai_gcb_08/dcai_gcb_08/val/iii/b366b030-ce5d-11eb-b317-38f9d35ea60f.png,val,3.0,3
198,dcai_gcb_08/dcai_gcb_08/val/iii/b3686998-ce5d-11eb-b317-38f9d35ea60f.png,val,3.0,3
199,dcai_gcb_08/dcai_gcb_08/val/iii/b368e6ac-ce5d-11eb-b317-38f9d35ea60f.png,val,3.0,3
200,dcai_gcb_08/dcai_gcb_08/val/iii/b369692e-ce5d-11eb-b317-38f9d35ea60f.png,val,3.0,3
201,dcai_gcb_08/dcai_gcb_08/val/iii/b36ac904-ce5d-11eb-b317-38f9d35ea60f.png,val,3.0,3
202,dcai_gcb_08/dcai_gcb_08/val/iii/b36c6c14-ce5d-11eb-b317-38f9d35ea60f.png,val,3.0,3
203,dcai_gcb_08/dcai_gcb_08/val/iii/b36d97ce-ce5d-11eb-b317-38f9d35ea60f.png,val,3.0,3
204,dcai_gcb_08/dcai_gcb_08/val/iii/b36e4ebc-ce5d-11eb-b317-38f9d35ea60f.png,val,3.0,3
205,dcai_gcb_08/dcai_gcb_08/val/iii/b36ff870-ce5d-11eb-b317-38f9d35ea60f.png,val,3.0,3
206,dcai_gcb_08/dcai_gcb_08/val/iii/b3711048-ce5d-11eb-b317-38f9d35ea60f.png,val,3.0,3
207,dcai_gcb_08/dcai_gcb_08/val/iii/b372aa02-ce5d-11eb-b317-38f9d35ea60f.png,val,3.0,3
208,dcai_gcb_08/dcai_gcb_08/val/iii/b3739b92-ce5d-11eb-b317-38f9d35ea60f.png,val,3.0,3
209,dcai_gcb_08/dcai_gcb_08/val/iii/b3761174-ce5d-11eb-b317-38f9d35ea60f.png,val,3.0,3
210,dcai_gcb_08/dcai_gcb_08/val/iii/b376cb78-ce5d-11eb-b317-38f9d35ea60f.png,val,3.0,3
211,dcai_gcb_08/dcai_gcb_08/val/iii/b3776f9c-ce5d-11eb-b317-38f9d35ea60f.png,val,3.0,3
212,dcai_gcb_08/dcai_gcb_08/val/iii/b3782068-ce5d-11eb-b317-38f9d35ea60f.png,val,3.0,3
213,dcai_gcb_08/dcai_gcb_08/val/iii/b378ca86-ce5d-11eb-b317-38f9d35ea60f.png,val,3.0,3
214,dcai_gcb_08/dcai_gcb_08/val/iii/b37bad64-ce5d-11eb-b317-38f9d35ea60f.png,val,3.0,3
215,dcai_gcb_08/dcai_gcb_08/val/iii/b37c9bac-ce5d-11eb-b317-38f9d35ea60f.png,val,3.0,3
216,dcai_gcb_08/dcai_gcb_08/val/iii/b37d40e8-ce5d-11eb-b317-38f9d35ea60f.png,val,3.0,3
217,dcai_gcb_08/dcai_gcb_08/val/iii/b37dd79c-ce5d-11eb-b317-38f9d35ea60f.png,val,3.0,3
218,dcai_gcb_08/dcai_gcb_08/val/iii/b381fbc4-ce5d-11eb-b317-38f9d35ea60f.png,val,3.0,3
219,dcai_gcb_08/dcai_gcb_08/val/iii/b382b3e8-ce5d-11eb-b317-38f9d35ea60f.png,val,3.0,3
220,dcai_gcb_08/dcai_gcb_08/val/iii/b3834f92-ce5d-11eb-b317-38f9d35ea60f.png,val,3.0,3
221,dcai_gcb_08/dcai_gcb_08/val/iii/b384da9c-ce5d-11eb-b317-38f9d35ea60f.png,val,3.0,3
222,dcai_gcb_08/dcai_gcb_08/val/iii/b38573ee-ce5d-11eb-b317-38f9d35ea60f.png,val,3.0,3
223,dcai_gcb_08/dcai_gcb_08/val/iii/b3860df4-ce5d-11eb-b317-38f9d35ea60f.png,val,3.0,3
224,dcai_gcb_08/dcai_gcb_08/val/iii/b386ba38-ce5d-11eb-b317-38f9d35ea60f.png,val,3.0,3
225,dcai_gcb_08/dcai_gcb_08/val/iii/b387a18c-ce5d-11eb-b317-38f9d35ea60f.png,val,3.0,3
226,dcai_gcb_08/dcai_gcb_08/val/iii/b3883c5a-ce5d-11eb-b317-38f9d35ea60f.png,val,3.0,3
227,dcai_gcb_08/dcai_gcb_08/val/iii/b3890c52-ce5d-11eb-b317-38f9d35ea60f.png,val,3.0,3
228,dcai_gcb_08/dcai_gcb_08/val/iii/b389a8f6-ce5d-11eb-b317-38f9d35ea60f.png,val,3.0,3
229,dcai_gcb_08/dcai_gcb_08/val/iii/b38a482e-ce5d-11eb-b317-38f9d35ea60f.png,val,3.0,3
230,dcai_gcb_08/dcai_gcb_08/val/iii/b38b17f4-ce5d-11eb-b317-38f9d35ea60f.png,val,3.0,3
231,dcai_gcb_08/dcai_gcb_08/val/iii/b38bceba-ce5d-11eb-b317-38f9d35ea60f.png,val,3.0,3
232,dcai_gcb_08/dcai_gcb_08/val/iii/b38c7810-ce5d-11eb-b317-38f9d35ea60f.png,val,3.0,3
233,dcai_gcb_08/dcai_gcb_08/val/iv/b2359258-ce5d-11eb-b317-38f9d35ea60f.png,val,4.0,4
234,dcai_gcb_08/dcai_gcb_08/val/iv/b23680d2-ce5d-11eb-b317-38f9d35ea60f.png,val,4.0,4
235,dcai_gcb_08/dcai_gcb_08/val/iv/b2373f68-ce5d-11eb-b317-38f9d35ea60f.png,val,4.0,4
236,dcai_gcb_08/dcai_gcb_08/val/iv/b237f6ec-ce5d-11eb-b317-38f9d35ea60f.png,val,4.0,4
237,dcai_gcb_08/dcai_gcb_08/val/iv/b2389a52-ce5d-11eb-b317-38f9d35ea60f.png,val,4.0,4
238,dcai_gcb_08/dcai_gcb_08/val/iv/b2394fce-ce5d-11eb-b317-38f9d35ea60f.png,val,4.0,4
239,dcai_gcb_08/dcai_gcb_08/val/iv/b23a1a4e-ce5d-11eb-b317-38f9d35ea60f.png,val,4.0,4
240,dcai_gcb_08/dcai_gcb_08/val/iv/b23ac48a-ce5d-11eb-b317-38f9d35ea60f.png,val,4.0,4
241,dcai_gcb_08/dcai_gcb_08/val/iv/b23b6214-ce5d-11eb-b317-38f9d35ea60f.png,val,4.0,4
242,dcai_gcb_08/dcai_gcb_08/val/iv/b23c4ab2-ce5d-11eb-b317-38f9d35ea60f.png,val,4.0,4
243,dcai_gcb_08/dcai_gcb_08/val/iv/b23d0a88-ce5d-11eb-b317-38f9d35ea60f.png,val,4.0,4
244,dcai_gcb_08/dcai_gcb_08/val/iv/b23d98d6-ce5d-11eb-b317-38f9d35ea60f.png,val,4.0,4
245,dcai_gcb_08/dcai_gcb_08/val/iv/b23e3d9a-ce5d-11eb-b317-38f9d35ea60f.png,val,4.0,4
246,dcai_gcb_08/dcai_gcb_08/val/iv/b23ef334-ce5d-11eb-b317-38f9d35ea60f.png,val,4.0,4
247,dcai_gcb_08/dcai_gcb_08/val/iv/b23f81dc-ce5d-11eb-b317-38f9d35ea60f.png,val,4.0,4
248,dcai_gcb_08/dcai_gcb_08/val/iv/b24015f2-ce5d-11eb-b317-38f9d35ea60f.png,val,4.0,4
249,dcai_gcb_08/dcai_gcb_08/val/iv/b24133c4-ce5d-11eb-b317-38f9d35ea60f.png,val,4.0,4
250,dcai_gcb_08/dcai_gcb_08/val/iv/b241f2fa-ce5d-11eb-b317-38f9d35ea60f.png,val,4.0,4
251,dcai_gcb_08/dcai_gcb_08/val/iv/b2428bfc-ce5d-11eb-b317-38f9d35ea60f.png,val,4.0,4
252,dcai_gcb_08/dcai_gcb_08/val/iv/b2434790-ce5d-11eb-b317-38f9d35ea60f.png,val,4.0,4
253,dcai_gcb_08/dcai_gcb_08/val/iv/b24456b2-ce5d-11eb-b317-38f9d35ea60f.png,val,4.0,4
254,dcai_gcb_08/dcai_gcb_08/val/iv/b244fe14-ce5d-11eb-b317-38f9d35ea60f.png,val,4.0,4
255,dcai_gcb_08/dcai_gcb_08/val/iv/b2459a90-ce5d-11eb-b317-38f9d35ea60f.png,val,4.0,6
256,dcai_gcb_08/dcai_gcb_08/val/iv/b2465f34-ce5d-11eb-b317-38f9d35ea60f.png,val,4.0,4
257,dcai_gcb_08/dcai_gcb_08/val/iv/b247068c-ce5d-11eb-b317-38f9d35ea60f.png,val,4.0,4
258,dcai_gcb_08/dcai_gcb_08/val/iv/b247966a-ce5d-11eb-b317-38f9d35ea60f.png,val,4.0,4
259,dcai_gcb_08/dcai_gcb_08/val/iv/b248292c-ce5d-11eb-b317-38f9d35ea60f.png,val,4.0,4
260,dcai_gcb_08/dcai_gcb_08/val/iv/b248c422-ce5d-11eb-b317-38f9d35ea60f.png,val,4.0,4
261,dcai_gcb_08/dcai_gcb_08/val/iv/b249854c-ce5d-11eb-b317-38f9d35ea60f.png,val,4.0,4
262,dcai_gcb_08/dcai_gcb_08/val/iv/b24a2380-ce5d-11eb-b317-38f9d35ea60f.png,val,4.0,4
263,dcai_gcb_08/dcai_gcb_08/val/iv/b24abd5e-ce5d-11eb-b317-38f9d35ea60f.png,val,4.0,4
264,dcai_gcb_08/dcai_gcb_08/val/iv/b24bb114-ce5d-11eb-b317-38f9d35ea60f.png,val,4.0,4
265,dcai_gcb_08/dcai_gcb_08/val/iv/b24c5f24-ce5d-11eb-b317-38f9d35ea60f.png,val,4.0,4
266,dcai_gcb_08/dcai_gcb_08/val/iv/b24ced9a-ce5d-11eb-b317-38f9d35ea60f.png,val,4.0,4
267,dcai_gcb_08/dcai_gcb_08/val/iv/b24dc260-ce5d-11eb-b317-38f9d35ea60f.png,val,4.0,4
268,dcai_gcb_08/dcai_gcb_08/val/iv/b24e9640-ce5d-11eb-b317-38f9d35ea60f.png,val,4.0,4
269,dcai_gcb_08/dcai_gcb_08/val/iv/b24f1f48-ce5d-11eb-b317-38f9d35ea60f.png,val,4.0,4
270,dcai_gcb_08/dcai_gcb_08/val/iv/b24fb80e-ce5d-11eb-b317-38f9d35ea60f.png,val,4.0,4
271,dcai_gcb_08/dcai_gcb_08/val/iv/b25087ac-ce5d-11eb-b317-38f9d35ea60f.png,val,4.0,4
272,dcai_gcb_08/dcai_gcb_08/val/iv/b251340e-ce5d-11eb-b317-38f9d35ea60f.png,val,4.0,4
273,dcai_gcb_08/dcai_gcb_08/val/iv/b251c9e6-ce5d-11eb-b317-38f9d35ea60f.png,val,4.0,4
274,dcai_gcb_08/dcai_gcb_08/val/iv/b25262fc-ce5d-11eb-b317-38f9d35ea60f.png,val,4.0,4
275,dcai_gcb_08/dcai_gcb_08/val/iv/b2533696-ce5d-11eb-b317-38f9d35ea60f.png,val,4.0,4
276,dcai_gcb_08/dcai_gcb_08/val/iv/b2540c06-ce5d-11eb-b317-38f9d35ea60f.png,val,4.0,4
277,dcai_gcb_08/dcai_gcb_08/val/iv/b254a260-ce5d-11eb-b317-38f9d35ea60f.png,val,4.0,4
278,dcai_gcb_08/dcai_gcb_08/val/iv/b255e3be-ce5d-11eb-b317-38f9d35ea60f.png,val,4.0,4
279,dcai_gcb_08/dcai_gcb_08/val/iv/b256c6f8-ce5d-11eb-b317-38f9d35ea60f.png,val,4.0,4
280,dcai_gcb_08/dcai_gcb_08/val/iv/b257560e-ce5d-11eb-b317-38f9d35ea60f.png,val,4.0,4
281,dcai_gcb_08/dcai_gcb_08/val/iv/b257e646-ce5d-11eb-b317-38f9d35ea60f.png,val,4.0,4
282,dcai_gcb_08/dcai_gcb_08/val/iv/b2588ace-ce5d-11eb-b317-38f9d35ea60f.png,val,4.0,4
283,dcai_gcb_08/dcai_gcb_08/val/iv/b2592682-ce5d-11eb-b317-38f9d35ea60f.png,val,4.0,4
284,dcai_gcb_08/dcai_gcb_08/val/iv/b259efae-ce5d-11eb-b317-38f9d35ea60f.png,val,4.0,4
285,dcai_gcb_08/dcai_gcb_08/val/iv/b25ac596-ce5d-11eb-b317-38f9d35ea60f.png,val,4.0,4
286,dcai_gcb_08/dcai_gcb_08/val/iv/b25b6438-ce5d-11eb-b317-38f9d35ea60f.png,val,4.0,4
287,dcai_gcb_08/dcai_gcb_08/val/iv/b25c0712-ce5d-11eb-b317-38f9d35ea60f.png,val,4.0,4
288,dcai_gcb_08/dcai_gcb_08/val/iv/b25caab4-ce5d-11eb-b317-38f9d35ea60f.png,val,4.0,4
289,dcai_gcb_08/dcai_gcb_08/val/iv/b25d4834-ce5d-11eb-b317-38f9d35ea60f.png,val,4.0,4
290,dcai_gcb_08/dcai_gcb_08/val/iv/b25dea64-ce5d-11eb-b317-38f9d35ea60f.png,val,4.0,4
291,dcai_gcb_08/dcai_gcb_08/val/iv/b25e82bc-ce5d-11eb-b317-38f9d35ea60f.png,val,4.0,4
292,dcai_gcb_08/dcai_gcb_08/val/iv/b25f12a4-ce5d-11eb-b317-38f9d35ea60f.png,val,4.0,4
293,dcai_gcb_08/dcai_gcb_08/val/iv/b2600998-ce5d-11eb-b317-38f9d35ea60f.png,val,4.0,4
294,dcai_gcb_08/dcai_gcb_08/val/iv/b260a880-ce5d-11eb-b317-38f9d35ea60f.png,val,4.0,4
295,dcai_gcb_08/dcai_gcb_08/val/iv/b2614f92-ce5d-11eb-b317-38f9d35ea60f.png,val,4.0,4
296,dcai_gcb_08/dcai_gcb_08/val/iv/b261e9e8-ce5d-11eb-b317-38f9d35ea60f.png,val,4.0,4
297,dcai_gcb_08/dcai_gcb_08/val/iv/b263030a-ce5d-11eb-b317-38f9d35ea60f.png,val,4.0,4
298,dcai_gcb_08/dcai_gcb_08/val/iv/b263d1c2-ce5d-11eb-b317-38f9d35ea60f.png,val,4.0,4
299,dcai_gcb_08/dcai_gcb_08/val/iv/b264e346-ce5d-11eb-b317-38f9d35ea60f.png,val,4.0,4
300,dcai_gcb_08/dcai_gcb_08/val/iv/b265b190-ce5d-11eb-b317-38f9d35ea60f.png,val,4.0,4
301,dcai_gcb_08/dcai_gcb_08/val/iv/b2663bd8-ce5d-11eb-b317-38f9d35ea60f.png,val,4.0,4
302,dcai_gcb_08/dcai_gcb_08/val/iv/b266cc06-ce5d-11eb-b317-38f9d35ea60f.png,val,4.0,4
303,dcai_gcb_08/dcai_gcb_08/val/iv/b267926c-ce5d-11eb-b317-38f9d35ea60f.png,val,4.0,4
304,dcai_gcb_08/dcai_gcb_08/val/iv/b2684216-ce5d-11eb-b317-38f9d35ea60f.png,val,4.0,4
305,dcai_gcb_08/dcai_gcb_08/val/iv/b268e770-ce5d-11eb-b317-38f9d35ea60f.png,val,4.0,4
306,dcai_gcb_08/dcai_gcb_08/val/iv/b2699ac6-ce5d-11eb-b317-38f9d35ea60f.png,val,4.0,4
307,dcai_gcb_08/dcai_gcb_08/val/iv/b26a38a0-ce5d-11eb-b317-38f9d35ea60f.png,val,4.0,4
308,dcai_gcb_08/dcai_gcb_08/val/iv/b26ac9a0-ce5d-11eb-b317-38f9d35ea60f.png,val,4.0,4
309,dcai_gcb_08/dcai_gcb_08/val/iv/b26b5366-ce5d-11eb-b317-38f9d35ea60f.png,val,4.0,4
310,dcai_gcb_08/dcai_gcb_08/val/iv/b26ca568-ce5d-11eb-b317-38f9d35ea60f.png,val,4.0,4
311,dcai_gcb_08/dcai_gcb_08/val/iv/b26d3f3c-ce5d-11eb-b317-38f9d35ea60f.png,val,4.0,4
312,dcai_gcb_08/dcai_gcb_08/val/iv/b26dd5e6-ce5d-11eb-b317-38f9d35ea60f.png,val,4.0,4
313,dcai_gcb_08/dcai_gcb_08/val/iv/b26f0218-ce5d-11eb-b317-38f9d35ea60f.png,val,4.0,4
314,dcai_gcb_08/dcai_gcb_08/val/iv/b26fbc26-ce5d-11eb-b317-38f9d35ea60f.png,val,4.0,4
315,dcai_gcb_08/dcai_gcb_08/val/iv/b270524e-ce5d-11eb-b317-38f9d35ea60f.png,val,4.0,4
316,dcai_gcb_08/dcai_gcb_08/val/v/b2b723ae-ce5d-11eb-b317-38f9d35ea60f.png,val,5.0,5
317,dcai_gcb_08/dcai_gcb_08/val/v/b2b7afe0-ce5d-11eb-b317-38f9d35ea60f.png,val,5.0,5
318,dcai_gcb_08/dcai_gcb_08/val/v/b2b858d2-ce5d-11eb-b317-38f9d35ea60f.png,val,5.0,5
319,dcai_gcb_08/dcai_gcb_08/val/v/b2b8fecc-ce5d-11eb-b317-38f9d35ea60f.png,val,5.0,5
320,dcai_gcb_08/dcai_gcb_08/val/v/b2b982d4-ce5d-11eb-b317-38f9d35ea60f.png,val,5.0,5
321,dcai_gcb_08/dcai_gcb_08/val/v/b2ba0a56-ce5d-11eb-b317-38f9d35ea60f.png,val,5.0,5
322,dcai_gcb_08/dcai_gcb_08/val/v/b2bab1e0-ce5d-11eb-b317-38f9d35ea60f.png,val,5.0,5
323,dcai_gcb_08/dcai_gcb_08/val/v/b2bb89bc-ce5d-11eb-b317-38f9d35ea60f.png,val,5.0,5
324,dcai_gcb_08/dcai_gcb_08/val/v/b2bc249e-ce5d-11eb-b317-38f9d35ea60f.png,val,5.0,5
325,dcai_gcb_08/dcai_gcb_08/val/v/b2bcc73c-ce5d-11eb-b317-38f9d35ea60f.png,val,5.0,5
326,dcai_gcb_08/dcai_gcb_08/val/v/b2bd709c-ce5d-11eb-b317-38f9d35ea60f.png,val,5.0,5
327,dcai_gcb_08/dcai_gcb_08/val/v/b2be36ee-ce5d-11eb-b317-38f9d35ea60f.png,val,5.0,5
328,dcai_gcb_08/dcai_gcb_08/val/v/b2beba88-ce5d-11eb-b317-38f9d35ea60f.png,val,5.0,5
329,dcai_gcb_08/dcai_gcb_08/val/v/b2bf842c-ce5d-11eb-b317-38f9d35ea60f.png,val,5.0,5
330,dcai_gcb_08/dcai_gcb_08/val/v/b2c042c2-ce5d-11eb-b317-38f9d35ea60f.png,val,5.0,5
331,dcai_gcb_08/dcai_gcb_08/val/v/b2c0f53c-ce5d-11eb-b317-38f9d35ea60f.png,val,5.0,5
332,dcai_gcb_08/dcai_gcb_08/val/v/b2c200da-ce5d-11eb-b317-38f9d35ea60f.png,val,5.0,5
333,dcai_gcb_08/dcai_gcb_08/val/v/b2c2c768-ce5d-11eb-b317-38f9d35ea60f.png,val,5.0,5
334,dcai_gcb_08/dcai_gcb_08/val/v/b2c3c1c2-ce5d-11eb-b317-38f9d35ea60f.png,val,5.0,5
335,dcai_gcb_08/dcai_gcb_08/val/v/b2c48bca-ce5d-11eb-b317-38f9d35ea60f.png,val,5.0,5
336,dcai_gcb_08/dcai_gcb_08/val/v/b2c5323c-ce5d-11eb-b317-38f9d35ea60f.png,val,5.0,5
337,dcai_gcb_08/dcai_gcb_08/val/v/b2c5efa6-ce5d-11eb-b317-38f9d35ea60f.png,val,5.0,5
338,dcai_gcb_08/dcai_gcb_08/val/v/b2c67a34-ce5d-11eb-b317-38f9d35ea60f.png,val,5.0,5
339,dcai_gcb_08/dcai_gcb_08/val/v/b2c791bc-ce5d-11eb-b317-38f9d35ea60f.png,val,5.0,5
340,dcai_gcb_08/dcai_gcb_08/val/v/b2c877d0-ce5d-11eb-b317-38f9d35ea60f.png,val,5.0,5
341,dcai_gcb_08/dcai_gcb_08/val/v/b2c90fe2-ce5d-11eb-b317-38f9d35ea60f.png,val,5.0,5
342,dcai_gcb_08/dcai_gcb_08/val/v/b2c9b9b0-ce5d-11eb-b317-38f9d35ea60f.png,val,5.0,5
343,dcai_gcb_08/dcai_gcb_08/val/v/b2ca7e7c-ce5d-11eb-b317-38f9d35ea60f.png,val,5.0,5
344,dcai_gcb_08/dcai_gcb_08/val/v/b2cb16ca-ce5d-11eb-b317-38f9d35ea60f.png,val,5.0,5
345,dcai_gcb_08/dcai_gcb_08/val/v/b2cbac2a-ce5d-11eb-b317-38f9d35ea60f.png,val,5.0,5
346,dcai_gcb_08/dcai_gcb_08/val/v/b2cc3e6a-ce5d-11eb-b317-38f9d35ea60f.png,val,5.0,5
347,dcai_gcb_08/dcai_gcb_08/val/v/b2cdb556-ce5d-11eb-b317-38f9d35ea60f.png,val,5.0,5
348,dcai_gcb_08/dcai_gcb_08/val/v/b2ce4dc2-ce5d-11eb-b317-38f9d35ea60f.png,val,5.0,6
349,dcai_gcb_08/dcai_gcb_08/val/v/b2ceecbe-ce5d-11eb-b317-38f9d35ea60f.png,val,5.0,5
350,dcai_gcb_08/dcai_gcb_08/val/v/b2cf9b00-ce5d-11eb-b317-38f9d35ea60f.png,val,5.0,5
351,dcai_gcb_08/dcai_gcb_08/val/v/b2d03218-ce5d-11eb-b317-38f9d35ea60f.png,val,5.0,5
352,dcai_gcb_08/dcai_gcb_08/val/v/b2d0bd0a-ce5d-11eb-b317-38f9d35ea60f.png,val,5.0,5
353,dcai_gcb_08/dcai_gcb_08/val/v/b2d1bcdc-ce5d-11eb-b317-38f9d35ea60f.png,val,5.0,5
354,dcai_gcb_08/dcai_gcb_08/val/v/b2d2936e-ce5d-11eb-b317-38f9d35ea60f.png,val,5.0,5
355,dcai_gcb_08/dcai_gcb_08/val/v/b2d36e24-ce5d-11eb-b317-38f9d35ea60f.png,val,5.0,5
356,dcai_gcb_08/dcai_gcb_08/val/v/b2d418c4-ce5d-11eb-b317-38f9d35ea60f.png,val,5.0,5
357,dcai_gcb_08/dcai_gcb_08/val/v/b2d4cae4-ce5d-11eb-b317-38f9d35ea60f.png,val,5.0,5
358,dcai_gcb_08/dcai_gcb_08/val/v/b2d598d4-ce5d-11eb-b317-38f9d35ea60f.png,val,5.0,5
359,dcai_gcb_08/dcai_gcb_08/val/v/b2d61d7c-ce5d-11eb-b317-38f9d35ea60f.png,val,5.0,5
360,dcai_gcb_08/dcai_gcb_08/val/v/b2d6a5a8-ce5d-11eb-b317-38f9d35ea60f.png,val,5.0,5
361,dcai_gcb_08/dcai_gcb_08/val/v/b2d76f88-ce5d-11eb-b317-38f9d35ea60f.png,val,5.0,5
362,dcai_gcb_08/dcai_gcb_08/val/v/b2d8218a-ce5d-11eb-b317-38f9d35ea60f.png,val,5.0,5
363,dcai_gcb_08/dcai_gcb_08/val/v/b2d8acf4-ce5d-11eb-b317-38f9d35ea60f.png,val,5.0,5
364,dcai_gcb_08/dcai_gcb_08/val/v/b2d9316a-ce5d-11eb-b317-38f9d35ea60f.png,val,5.0,5
365,dcai_gcb_08/dcai_gcb_08/val/v/b2d9dc28-ce5d-11eb-b317-38f9d35ea60f.png,val,5.0,5
366,dcai_gcb_08/dcai_gcb_08/val/v/b2da834e-ce5d-11eb-b317-38f9d35ea60f.png,val,5.0,5
367,dcai_gcb_08/dcai_gcb_08/val/v/b2db1ea8-ce5d-11eb-b317-38f9d35ea60f.png,val,5.0,5
368,dcai_gcb_08/dcai_gcb_08/val/v/b2dbc56a-ce5d-11eb-b317-38f9d35ea60f.png,val,5.0,5
369,dcai_gcb_08/dcai_gcb_08/val/v/b2dcbf4c-ce5d-11eb-b317-38f9d35ea60f.png,val,5.0,5
370,dcai_gcb_08/dcai_gcb_08/val/v/b2dd5eac-ce5d-11eb-b317-38f9d35ea60f.png,val,5.0,5
371,dcai_gcb_08/dcai_gcb_08/val/v/b2dde5f2-ce5d-11eb-b317-38f9d35ea60f.png,val,5.0,5
372,dcai_gcb_08/dcai_gcb_08/val/v/b2de7404-ce5d-11eb-b317-38f9d35ea60f.png,val,5.0,5
373,dcai_gcb_08/dcai_gcb_08/val/v/b2df1508-ce5d-11eb-b317-38f9d35ea60f.png,val,5.0,5
374,dcai_gcb_08/dcai_gcb_08/val/v/b2df9aaa-ce5d-11eb-b317-38f9d35ea60f.png,val,5.0,5
375,dcai_gcb_08/dcai_gcb_08/val/v/b2e0234e-ce5d-11eb-b317-38f9d35ea60f.png,val,5.0,5
376,dcai_gcb_08/dcai_gcb_08/val/v/b2e0ad00-ce5d-11eb-b317-38f9d35ea60f.png,val,5.0,5
377,dcai_gcb_08/dcai_gcb_08/val/v/b2e15e58-ce5d-11eb-b317-38f9d35ea60f.png,val,5.0,5
378,dcai_gcb_08/dcai_gcb_08/val/v/b2e2b0fa-ce5d-11eb-b317-38f9d35ea60f.png,val,5.0,5
379,dcai_gcb_08/dcai_gcb_08/val/v/b2e36e14-ce5d-11eb-b317-38f9d35ea60f.png,val,5.0,5
380,dcai_gcb_08/dcai_gcb_08/val/v/b2e45720-ce5d-11eb-b317-38f9d35ea60f.png,val,5.0,5
381,dcai_gcb_08/dcai_gcb_08/val/v/b2e4f400-ce5d-11eb-b317-38f9d35ea60f.png,val,5.0,5
382,dcai_gcb_08/dcai_gcb_08/val/v/b2e581cc-ce5d-11eb-b317-38f9d35ea60f.png,val,5.0,5
383,dcai_gcb_08/dcai_gcb_08/val/v/b2e6212c-ce5d-11eb-b317-38f9d35ea60f.png,val,5.0,5
384,dcai_gcb_08/dcai_gcb_08/val/v/b2e6ddc4-ce5d-11eb-b317-38f9d35ea60f.png,val,5.0,5
385,dcai_gcb_08/dcai_gcb_08/val/v/b2e75fba-ce5d-11eb-b317-38f9d35ea60f.png,val,5.0,5
386,dcai_gcb_08/dcai_gcb_08/val/v/b2e7ee26-ce5d-11eb-b317-38f9d35ea60f.png,val,5.0,5
387,dcai_gcb_08/dcai_gcb_08/val/v/b2e95400-ce5d-11eb-b317-38f9d35ea60f.png,val,5.0,5
388,dcai_gcb_08/dcai_gcb_08/val/v/b2ea2128-ce5d-11eb-b317-38f9d35ea60f.png,val,5.0,5
389,dcai_gcb_08/dcai_gcb_08/val/v/b2ea9270-ce5d-11eb-b317-38f9d35ea60f.png,val,5.0,5
390,dcai_gcb_08/dcai_gcb_08/val/v/b2eb24f6-ce5d-11eb-b317-38f9d35ea60f.png,val,5.0,5
391,dcai_gcb_08/dcai_gcb_08/val/v/b2ebeb7a-ce5d-11eb-b317-38f9d35ea60f.png,val,5.0,5
392,dcai_gcb_08/dcai_gcb_08/val/v/b2ec8012-ce5d-11eb-b317-38f9d35ea60f.png,val,5.0,5
393,dcai_gcb_08/dcai_gcb_08/val/v/b2ed2f3a-ce5d-11eb-b317-38f9d35ea60f.png,val,5.0,5
394,dcai_gcb_08/dcai_gcb_08/val/v/b2ee54d2-ce5d-11eb-b317-38f9d35ea60f.png,val,5.0,5
395,dcai_gcb_08/dcai_gcb_08/val/vi/b0f77dac-ce5d-11eb-b317-38f9d35ea60f.png,val,6.0,6
396,dcai_gcb_08/dcai_gcb_08/val/vi/b0f81df2-ce5d-11eb-b317-38f9d35ea60f.png,val,6.0,6
397,dcai_gcb_08/dcai_gcb_08/val/vi/b0f8d328-ce5d-11eb-b317-38f9d35ea60f.png,val,6.0,6
398,dcai_gcb_08/dcai_gcb_08/val/vi/b0f98b6a-ce5d-11eb-b317-38f9d35ea60f.png,val,6.0,6
399,dcai_gcb_08/dcai_gcb_08/val/vi/b0fa893e-ce5d-11eb-b317-38f9d35ea60f.png,val,6.0,6
400,dcai_gcb_08/dcai_gcb_08/val/vi/b0fb3d0c-ce5d-11eb-b317-38f9d35ea60f.png,val,6.0,6
401,dcai_gcb_08/dcai_gcb_08/val/vi/b0fbe95a-ce5d-11eb-b317-38f9d35ea60f.png,val,6.0,6
402,dcai_gcb_08/dcai_gcb_08/val/vi/b0fc8b12-ce5d-11eb-b317-38f9d35ea60f.png,val,6.0,6
403,dcai_gcb_08/dcai_gcb_08/val/vi/b0fd1898-ce5d-11eb-b317-38f9d35ea60f.png,val,6.0,6
404,dcai_gcb_08/dcai_gcb_08/val/vi/b0fda6b4-ce5d-11eb-b317-38f9d35ea60f.png,val,6.0,6
405,dcai_gcb_08/dcai_gcb_08/val/vi/b0fe6efa-ce5d-11eb-b317-38f9d35ea60f.png,val,6.0,6
406,dcai_gcb_08/dcai_gcb_08/val/vi/b0ff17b0-ce5d-11eb-b317-38f9d35ea60f.png,val,6.0,6
407,dcai_gcb_08/dcai_gcb_08/val/vi/b0ffc6ce-ce5d-11eb-b317-38f9d35ea60f.png,val,6.0,6
408,dcai_gcb_08/dcai_gcb_08/val/vi/b1004ffe-ce5d-11eb-b317-38f9d35ea60f.png,val,6.0,6
409,dcai_gcb_08/dcai_gcb_08/val/vi/b100ee1e-ce5d-11eb-b317-38f9d35ea60f.png,val,6.0,6
410,dcai_gcb_08/dcai_gcb_08/val/vi/b1017870-ce5d-11eb-b317-38f9d35ea60f.png,val,6.0,6
411,dcai_gcb_08/dcai_gcb_08/val/vi/b102298c-ce5d-11eb-b317-38f9d35ea60f.png,val,6.0,6
412,dcai_gcb_08/dcai_gcb_08/val/vi/b1038728-ce5d-11eb-b317-38f9d35ea60f.png,val,6.0,6
413,dcai_gcb_08/dcai_gcb_08/val/vi/b10429da-ce5d-11eb-b317-38f9d35ea60f.png,val,6.0,6
414,dcai_gcb_08/dcai_gcb_08/val/vi/b104b968-ce5d-11eb-b317-38f9d35ea60f.png,val,6.0,6
415,dcai_gcb_08/dcai_gcb_08/val/vi/b105477a-ce5d-11eb-b317-38f9d35ea60f.png,val,6.0,6
416,dcai_gcb_08/dcai_gcb_08/val/vi/b105e446-ce5d-11eb-b317-38f9d35ea60f.png,val,6.0,6
417,dcai_gcb_08/dcai_gcb_08/val/vi/b10683c4-ce5d-11eb-b317-38f9d35ea60f.png,val,6.0,6
418,dcai_gcb_08/dcai_gcb_08/val/vi/b1073b66-ce5d-11eb-b317-38f9d35ea60f.png,val,6.0,6
419,dcai_gcb_08/dcai_gcb_08/val/vi/b107d972-ce5d-11eb-b317-38f9d35ea60f.png,val,6.0,6
420,dcai_gcb_08/dcai_gcb_08/val/vi/b1087792-ce5d-11eb-b317-38f9d35ea60f.png,val,6.0,6
421,dcai_gcb_08/dcai_gcb_08/val/vi/b10924c6-ce5d-11eb-b317-38f9d35ea60f.png,val,6.0,6
422,dcai_gcb_08/dcai_gcb_08/val/vi/b10a3c26-ce5d-11eb-b317-38f9d35ea60f.png,val,6.0,6
423,dcai_gcb_08/dcai_gcb_08/val/vi/b10ae87e-ce5d-11eb-b317-38f9d35ea60f.png,val,6.0,6
424,dcai_gcb_08/dcai_gcb_08/val/vi/b10bd68a-ce5d-11eb-b317-38f9d35ea60f.png,val,6.0,6
425,dcai_gcb_08/dcai_gcb_08/val/vi/b10c624e-ce5d-11eb-b317-38f9d35ea60f.png,val,6.0,6
426,dcai_gcb_08/dcai_gcb_08/val/vi/b10db1d0-ce5d-11eb-b317-38f9d35ea60f.png,val,6.0,6
427,dcai_gcb_08/dcai_gcb_08/val/vi/b10e5bda-ce5d-11eb-b317-38f9d35ea60f.png,val,6.0,6
428,dcai_gcb_08/dcai_gcb_08/val/vi/b10ef69e-ce5d-11eb-b317-38f9d35ea60f.png,val,6.0,6
429,dcai_gcb_08/dcai_gcb_08/val/vi/b1104224-ce5d-11eb-b317-38f9d35ea60f.png,val,6.0,6
430,dcai_gcb_08/dcai_gcb_08/val/vi/b1110880-ce5d-11eb-b317-38f9d35ea60f.png,val,6.0,6
431,dcai_gcb_08/dcai_gcb_08/val/vi/b111e854-ce5d-11eb-b317-38f9d35ea60f.png,val,6.0,6
432,dcai_gcb_08/dcai_gcb_08/val/vi/b112e39e-ce5d-11eb-b317-38f9d35ea60f.png,val,6.0,6
433,dcai_gcb_08/dcai_gcb_08/val/vi/b113bf58-ce5d-11eb-b317-38f9d35ea60f.png,val,6.0,6
434,dcai_gcb_08/dcai_gcb_08/val/vi/b1145490-ce5d-11eb-b317-38f9d35ea60f.png,val,6.0,6
435,dcai_gcb_08/dcai_gcb_08/val/vi/b1152c12-ce5d-11eb-b317-38f9d35ea60f.png,val,6.0,6
436,dcai_gcb_08/dcai_gcb_08/val/vi/b115cfc8-ce5d-11eb-b317-38f9d35ea60f.png,val,6.0,6
437,dcai_gcb_08/dcai_gcb_08/val/vi/b1166e60-ce5d-11eb-b317-38f9d35ea60f.png,val,6.0,6
438,dcai_gcb_08/dcai_gcb_08/val/vi/b1173f98-ce5d-11eb-b317-38f9d35ea60f.png,val,6.0,6
439,dcai_gcb_08/dcai_gcb_08/val/vi/b119a558-ce5d-11eb-b317-38f9d35ea60f.png,val,6.0,6
440,dcai_gcb_08/dcai_gcb_08/val/vi/b11a54da-ce5d-11eb-b317-38f9d35ea60f.png,val,6.0,6
441,dcai_gcb_08/dcai_gcb_08/val/vi/b11ae4ae-ce5d-11eb-b317-38f9d35ea60f.png,val,6.0,6
442,dcai_gcb_08/dcai_gcb_08/val/vi/b11b9e58-ce5d-11eb-b317-38f9d35ea60f.png,val,6.0,6
443,dcai_gcb_08/dcai_gcb_08/val/vi/b11c3aac-ce5d-11eb-b317-38f9d35ea60f.png,val,6.0,6
444,dcai_gcb_08/dcai_gcb_08/val/vi/b11cddea-ce5d-11eb-b317-38f9d35ea60f.png,val,6.0,1
445,dcai_gcb_08/dcai_gcb_08/val/vi/b11d7f5c-ce5d-11eb-b317-38f9d35ea60f.png,val,6.0,6
446,dcai_gcb_08/dcai_gcb_08/val/vi/b11e2ef2-ce5d-11eb-b317-38f9d35ea60f.png,val,6.0,6
447,dcai_gcb_08/dcai_gcb_08/val/vi/b11eec84-ce5d-11eb-b317-38f9d35ea60f.png,val,6.0,6
448,dcai_gcb_08/dcai_gcb_08/val/vi/b11f8a40-ce5d-11eb-b317-38f9d35ea60f.png,val,6.0,6
449,dcai_gcb_08/dcai_gcb_08/val/vi/b12030d0-ce5d-11eb-b317-38f9d35ea60f.png,val,6.0,6
450,dcai_gcb_08/dcai_gcb_08/val/vi/b120c9e6-ce5d-11eb-b317-38f9d35ea60f.png,val,6.0,6
451,dcai_gcb_08/dcai_gcb_08/val/vi/b1216e14-ce5d-11eb-b317-38f9d35ea60f.png,val,6.0,6
452,dcai_gcb_08/dcai_gcb_08/val/vi/b1223880-ce5d-11eb-b317-38f9d35ea60f.png,val,6.0,6
453,dcai_gcb_08/dcai_gcb_08/val/vi/b122f0e0-ce5d-11eb-b317-38f9d35ea60f.png,val,6.0,6
454,dcai_gcb_08/dcai_gcb_08/val/vi/b123805a-ce5d-11eb-b317-38f9d35ea60f.png,val,6.0,6
455,dcai_gcb_08/dcai_gcb_08/val/vi/b1240f16-ce5d-11eb-b317-38f9d35ea60f.png,val,6.0,6
456,dcai_gcb_08/dcai_gcb_08/val/vi/b124a822-ce5d-11eb-b317-38f9d35ea60f.png,val,6.0,7
457,dcai_gcb_08/dcai_gcb_08/val/vi/b125a98e-ce5d-11eb-b317-38f9d35ea60f.png,val,6.0,6
458,dcai_gcb_08/dcai_gcb_08/val/vi/b1264c18-ce5d-11eb-b317-38f9d35ea60f.png,val,6.0,6
459,dcai_gcb_08/dcai_gcb_08/val/vi/b127a3ce-ce5d-11eb-b317-38f9d35ea60f.png,val,6.0,6
460,dcai_gcb_08/dcai_gcb_08/val/vi/b1288fbe-ce5d-11eb-b317-38f9d35ea60f.png,val,6.0,6
461,dcai_gcb_08/dcai_gcb_08/val/vi/b129b5e2-ce5d-11eb-b317-38f9d35ea60f.png,val,6.0,6
462,dcai_gcb_08/dcai_gcb_08/val/vi/b12a67ee-ce5d-11eb-b317-38f9d35ea60f.png,val,6.0,6
463,dcai_gcb_08/dcai_gcb_08/val/vi/b12aed4a-ce5d-11eb-b317-38f9d35ea60f.png,val,6.0,6
464,dcai_gcb_08/dcai_gcb_08/val/vi/b12c4802-ce5d-11eb-b317-38f9d35ea60f.png,val,6.0,6
465,dcai_gcb_08/dcai_gcb_08/val/vi/b12d1732-ce5d-11eb-b317-38f9d35ea60f.png,val,6.0,6
466,dcai_gcb_08/dcai_gcb_08/val/vi/b12db188-ce5d-11eb-b317-38f9d35ea60f.png,val,6.0,6
467,dcai_gcb_08/dcai_gcb_08/val/vi/b12eb07e-ce5d-11eb-b317-38f9d35ea60f.png,val,6.0,6
468,dcai_gcb_08/dcai_gcb_08/val/vi/b12f62e4-ce5d-11eb-b317-38f9d35ea60f.png,val,6.0,6
469,dcai_gcb_08/dcai_gcb_08/val/vi/b12ff2a4-ce5d-11eb-b317-38f9d35ea60f.png,val,6.0,6
470,dcai_gcb_08/dcai_gcb_08/val/vi/b1309ea2-ce5d-11eb-b317-38f9d35ea60f.png,val,6.0,6
471,dcai_gcb_08/dcai_gcb_08/val/vi/b131f392-ce5d-11eb-b317-38f9d35ea60f.png,val,6.0,6
472,dcai_gcb_08/dcai_gcb_08/val/vi/b1329d10-ce5d-11eb-b317-38f9d35ea60f.png,val,6.0,6
473,dcai_gcb_08/dcai_gcb_08/val/vi/b13338ba-ce5d-11eb-b317-38f9d35ea60f.png,val,6.0,6
474,dcai_gcb_08/dcai_gcb_08/val/vii/b1b4a3be-ce5d-11eb-b317-38f9d35ea60f.png,val,7.0,7
475,dcai_gcb_08/dcai_gcb_08/val/vii/b1b63602-ce5d-11eb-b317-38f9d35ea60f.png,val,7.0,7
476,dcai_gcb_08/dcai_gcb_08/val/vii/b1b6fae2-ce5d-11eb-b317-38f9d35ea60f.png,val,7.0,7
477,dcai_gcb_08/dcai_gcb_08/val/vii/b1b7fc76-ce5d-11eb-b317-38f9d35ea60f.png,val,7.0,7
478,dcai_gcb_08/dcai_gcb_08/val/vii/b1b8ad2e-ce5d-11eb-b317-38f9d35ea60f.png,val,7.0,7
479,dcai_gcb_08/dcai_gcb_08/val/vii/b1b94a86-ce5d-11eb-b317-38f9d35ea60f.png,val,7.0,7
480,dcai_gcb_08/dcai_gcb_08/val/vii/b1b9e8d8-ce5d-11eb-b317-38f9d35ea60f.png,val,7.0,7
481,dcai_gcb_08/dcai_gcb_08/val/vii/b1ba9fb2-ce5d-11eb-b317-38f9d35ea60f.png,val,7.0,7
482,dcai_gcb_08/dcai_gcb_08/val/vii/b1bb5164-ce5d-11eb-b317-38f9d35ea60f.png,val,7.0,7
483,dcai_gcb_08/dcai_gcb_08/val/vii/b1bbd8c8-ce5d-11eb-b317-38f9d35ea60f.png,val,7.0,7
484,dcai_gcb_08/dcai_gcb_08/val/vii/b1bc6fe0-ce5d-11eb-b317-38f9d35ea60f.png,val,7.0,7
485,dcai_gcb_08/dcai_gcb_08/val/vii/b1bd4c44-ce5d-11eb-b317-38f9d35ea60f.png,val,7.0,7
486,dcai_gcb_08/dcai_gcb_08/val/vii/b1be829e-ce5d-11eb-b317-38f9d35ea60f.png,val,7.0,7
487,dcai_gcb_08/dcai_gcb_08/val/vii/b1bf0ade-ce5d-11eb-b317-38f9d35ea60f.png,val,7.0,7
488,dcai_gcb_08/dcai_gcb_08/val/vii/b1bf9710-ce5d-11eb-b317-38f9d35ea60f.png,val,7.0,7
489,dcai_gcb_08/dcai_gcb_08/val/vii/b1c02ed2-ce5d-11eb-b317-38f9d35ea60f.png,val,7.0,7
490,dcai_gcb_08/dcai_gcb_08/val/vii/b1c15ee2-ce5d-11eb-b317-38f9d35ea60f.png,val,7.0,7
491,dcai_gcb_08/dcai_gcb_08/val/vii/b1c21a94-ce5d-11eb-b317-38f9d35ea60f.png,val,7.0,7
492,dcai_gcb_08/dcai_gcb_08/val/vii/b1c2c07a-ce5d-11eb-b317-38f9d35ea60f.png,val,7.0,7
493,dcai_gcb_08/dcai_gcb_08/val/vii/b1c36656-ce5d-11eb-b317-38f9d35ea60f.png,val,7.0,7
494,dcai_gcb_08/dcai_gcb_08/val/vii/b1c40f34-ce5d-11eb-b317-38f9d35ea60f.png,val,7.0,7
495,dcai_gcb_08/dcai_gcb_08/val/vii/b1c4d02c-ce5d-11eb-b317-38f9d35ea60f.png,val,7.0,7
496,dcai_gcb_08/dcai_gcb_08/val/vii/b1c5b87a-ce5d-11eb-b317-38f9d35ea60f.png,val,7.0,7
497,dcai_gcb_08/dcai_gcb_08/val/vii/b1c6569a-ce5d-11eb-b317-38f9d35ea60f.png,val,7.0,7
498,dcai_gcb_08/dcai_gcb_08/val/vii/b1c74096-ce5d-11eb-b317-38f9d35ea60f.png,val,7.0,7
499,dcai_gcb_08/dcai_gcb_08/val/vii/b1c80c10-ce5d-11eb-b317-38f9d35ea60f.png,val,7.0,7
500,dcai_gcb_08/dcai_gcb_08/val/vii/b1c8a990-ce5d-11eb-b317-38f9d35ea60f.png,val,7.0,7
501,dcai_gcb_08/dcai_gcb_08/val/vii/b1c94378-ce5d-11eb-b317-38f9d35ea60f.png,val,7.0,7
502,dcai_gcb_08/dcai_gcb_08/val/vii/b1ca21e4-ce5d-11eb-b317-38f9d35ea60f.png,val,7.0,7
503,dcai_gcb_08/dcai_gcb_08/val/vii/b1cafca4-ce5d-11eb-b317-38f9d35ea60f.png,val,7.0,7
504,dcai_gcb_08/dcai_gcb_08/val/vii/b1cb876e-ce5d-11eb-b317-38f9d35ea60f.png,val,7.0,7
505,dcai_gcb_08/dcai_gcb_08/val/vii/b1cc3a7e-ce5d-11eb-b317-38f9d35ea60f.png,val,7.0,7
506,dcai_gcb_08/dcai_gcb_08/val/vii/b1ccd2a4-ce5d-11eb-b317-38f9d35ea60f.png,val,7.0,7
507,dcai_gcb_08/dcai_gcb_08/val/vii/b1cd61e2-ce5d-11eb-b317-38f9d35ea60f.png,val,7.0,7
508,dcai_gcb_08/dcai_gcb_08/val/vii/b1ce093a-ce5d-11eb-b317-38f9d35ea60f.png,val,7.0,7
509,dcai_gcb_08/dcai_gcb_08/val/vii/b1cec9e2-ce5d-11eb-b317-38f9d35ea60f.png,val,7.0,7
510,dcai_gcb_08/dcai_gcb_08/val/vii/b1d001cc-ce5d-11eb-b317-38f9d35ea60f.png,val,7.0,7
511,dcai_gcb_08/dcai_gcb_08/val/vii/b1d0b888-ce5d-11eb-b317-38f9d35ea60f.png,val,7.0,7
512,dcai_gcb_08/dcai_gcb_08/val/vii/b1d16490-ce5d-11eb-b317-38f9d35ea60f.png,val,7.0,7
513,dcai_gcb_08/dcai_gcb_08/val/vii/b1d200e4-ce5d-11eb-b317-38f9d35ea60f.png,val,7.0,7
514,dcai_gcb_08/dcai_gcb_08/val/vii/b1d290ea-ce5d-11eb-b317-38f9d35ea60f.png,val,7.0,7
515,dcai_gcb_08/dcai_gcb_08/val/vii/b1d334be-ce5d-11eb-b317-38f9d35ea60f.png,val,7.0,7
516,dcai_gcb_08/dcai_gcb_08/val/vii/b1d3e698-ce5d-11eb-b317-38f9d35ea60f.png,val,7.0,7
517,dcai_gcb_08/dcai_gcb_08/val/vii/b1d54ee8-ce5d-11eb-b317-38f9d35ea60f.png,val,7.0,7
518,dcai_gcb_08/dcai_gcb_08/val/vii/b1d7b26e-ce5d-11eb-b317-38f9d35ea60f.png,val,7.0,7
519,dcai_gcb_08/dcai_gcb_08/val/vii/b1d903c6-ce5d-11eb-b317-38f9d35ea60f.png,val,7.0,7
520,dcai_gcb_08/dcai_gcb_08/val/vii/b1da70bc-ce5d-11eb-b317-38f9d35ea60f.png,val,7.0,7
521,dcai_gcb_08/dcai_gcb_08/val/vii/b1db8a74-ce5d-11eb-b317-38f9d35ea60f.png,val,7.0,7
522,dcai_gcb_08/dcai_gcb_08/val/vii/b1dc2786-ce5d-11eb-b317-38f9d35ea60f.png,val,7.0,7
523,dcai_gcb_08/dcai_gcb_08/val/vii/b1dcbf2a-ce5d-11eb-b317-38f9d35ea60f.png,val,7.0,7
524,dcai_gcb_08/dcai_gcb_08/val/vii/b1dd47ba-ce5d-11eb-b317-38f9d35ea60f.png,val,7.0,7
525,dcai_gcb_08/dcai_gcb_08/val/vii/b1dde3fa-ce5d-11eb-b317-38f9d35ea60f.png,val,7.0,7
526,dcai_gcb_08/dcai_gcb_08/val/vii/b1de905c-ce5d-11eb-b317-38f9d35ea60f.png,val,7.0,7
527,dcai_gcb_08/dcai_gcb_08/val/vii/b1df2fee-ce5d-11eb-b317-38f9d35ea60f.png,val,7.0,7
528,dcai_gcb_08/dcai_gcb_08/val/vii/b1dfd34a-ce5d-11eb-b317-38f9d35ea60f.png,val,7.0,7
529,dcai_gcb_08/dcai_gcb_08/val/vii/b1e07b74-ce5d-11eb-b317-38f9d35ea60f.png,val,7.0,7
530,dcai_gcb_08/dcai_gcb_08/val/vii/b1e115d4-ce5d-11eb-b317-38f9d35ea60f.png,val,7.0,7
531,dcai_gcb_08/dcai_gcb_08/val/vii/b1e199c8-ce5d-11eb-b317-38f9d35ea60f.png,val,7.0,7
532,dcai_gcb_08/dcai_gcb_08/val/vii/b1e23fe0-ce5d-11eb-b317-38f9d35ea60f.png,val,7.0,7
533,dcai_gcb_08/dcai_gcb_08/val/vii/b1e2dbb2-ce5d-11eb-b317-38f9d35ea60f.png,val,7.0,7
534,dcai_gcb_08/dcai_gcb_08/val/vii/b1e3f4d4-ce5d-11eb-b317-38f9d35ea60f.png,val,7.0,7
535,dcai_gcb_08/dcai_gcb_08/val/vii/b1e59fb4-ce5d-11eb-b317-38f9d35ea60f.png,val,7.0,7
536,dcai_gcb_08/dcai_gcb_08/val/vii/b1e68e42-ce5d-11eb-b317-38f9d35ea60f.png,val,7.0,7
537,dcai_gcb_08/dcai_gcb_08/val/vii/b1e73662-ce5d-11eb-b317-38f9d35ea60f.png,val,7.0,7
538,dcai_gcb_08/dcai_gcb_08/val/vii/b1e7e83c-ce5d-11eb-b317-38f9d35ea60f.png,val,7.0,7
539,dcai_gcb_08/dcai_gcb_08/val/vii/b1e93408-ce5d-11eb-b317-38f9d35ea60f.png,val,7.0,7
540,dcai_gcb_08/dcai_gcb_08/val/vii/b1e9e34e-ce5d-11eb-b317-38f9d35ea60f.png,val,7.0,7
541,dcai_gcb_08/dcai_gcb_08/val/vii/b1eac0f2-ce5d-11eb-b317-38f9d35ea60f.png,val,7.0,7
542,dcai_gcb_08/dcai_gcb_08/val/vii/b1eb6a16-ce5d-11eb-b317-38f9d35ea60f.png,val,7.0,7
543,dcai_gcb_08/dcai_gcb_08/val/vii/b1ebfc74-ce5d-11eb-b317-38f9d35ea60f.png,val,7.0,7
544,dcai_gcb_08/dcai_gcb_08/val/vii/b1ec88a6-ce5d-11eb-b317-38f9d35ea60f.png,val,7.0,7
545,dcai_gcb_08/dcai_gcb_08/val/vii/b1ed1fe6-ce5d-11eb-b317-38f9d35ea60f.png,val,7.0,7
546,dcai_gcb_08/dcai_gcb_08/val/vii/b1edb7bc-ce5d-11eb-b317-38f9d35ea60f.png,val,7.0,7
547,dcai_gcb_08/dcai_gcb_08/val/vii/b1eeb05e-ce5d-11eb-b317-38f9d35ea60f.png,val,7.0,7
548,dcai_gcb_08/dcai_gcb_08/val/vii/b1ef5e50-ce5d-11eb-b317-38f9d35ea60f.png,val,7.0,7
549,dcai_gcb_08/dcai_gcb_08/val/viii/b1f24142-ce5d-11eb-b317-38f9d35ea60f.png,val,8.0,8
550,dcai_gcb_08/dcai_gcb_08/val/viii/b1f322ec-ce5d-11eb-b317-38f9d35ea60f.png,val,8.0,8
551,dcai_gcb_08/dcai_gcb_08/val/viii/b1f3b838-ce5d-11eb-b317-38f9d35ea60f.png,val,8.0,8
552,dcai_gcb_08/dcai_gcb_08/val/viii/b1f457de-ce5d-11eb-b317-38f9d35ea60f.png,val,8.0,8
553,dcai_gcb_08/dcai_gcb_08/val/viii/b1f62b86-ce5d-11eb-b317-38f9d35ea60f.png,val,8.0,8
554,dcai_gcb_08/dcai_gcb_08/val/viii/b1f6c5e6-ce5d-11eb-b317-38f9d35ea60f.png,val,8.0,8
555,dcai_gcb_08/dcai_gcb_08/val/viii/b1f86b4e-ce5d-11eb-b317-38f9d35ea60f.png,val,8.0,8
556,dcai_gcb_08/dcai_gcb_08/val/viii/b1f92782-ce5d-11eb-b317-38f9d35ea60f.png,val,8.0,8
557,dcai_gcb_08/dcai_gcb_08/val/viii/b1f9edf2-ce5d-11eb-b317-38f9d35ea60f.png,val,8.0,8
558,dcai_gcb_08/dcai_gcb_08/val/viii/b1fa8f28-ce5d-11eb-b317-38f9d35ea60f.png,val,8.0,8
559,dcai_gcb_08/dcai_gcb_08/val/viii/b1fb28ca-ce5d-11eb-b317-38f9d35ea60f.png,val,8.0,8
560,dcai_gcb_08/dcai_gcb_08/val/viii/b1fbb592-ce5d-11eb-b317-38f9d35ea60f.png,val,8.0,8
561,dcai_gcb_08/dcai_gcb_08/val/viii/b1fc4f20-ce5d-11eb-b317-38f9d35ea60f.png,val,8.0,8
562,dcai_gcb_08/dcai_gcb_08/val/viii/b1fd2d64-ce5d-11eb-b317-38f9d35ea60f.png,val,8.0,8
563,dcai_gcb_08/dcai_gcb_08/val/viii/b1fdea38-ce5d-11eb-b317-38f9d35ea60f.png,val,8.0,8
564,dcai_gcb_08/dcai_gcb_08/val/viii/b1fe7de0-ce5d-11eb-b317-38f9d35ea60f.png,val,8.0,8
565,dcai_gcb_08/dcai_gcb_08/val/viii/b1ff4a18-ce5d-11eb-b317-38f9d35ea60f.png,val,8.0,8
566,dcai_gcb_08/dcai_gcb_08/val/viii/b1ffd3a2-ce5d-11eb-b317-38f9d35ea60f.png,val,8.0,8
567,dcai_gcb_08/dcai_gcb_08/val/viii/b2006ae2-ce5d-11eb-b317-38f9d35ea60f.png,val,8.0,8
568,dcai_gcb_08/dcai_gcb_08/val/viii/b200ead0-ce5d-11eb-b317-38f9d35ea60f.png,val,8.0,8
569,dcai_gcb_08/dcai_gcb_08/val/viii/b2018850-ce5d-11eb-b317-38f9d35ea60f.png,val,8.0,8
570,dcai_gcb_08/dcai_gcb_08/val/viii/b2025f3c-ce5d-11eb-b317-38f9d35ea60f.png,val,8.0,8
571,dcai_gcb_08/dcai_gcb_08/val/viii/b2030310-ce5d-11eb-b317-38f9d35ea60f.png,val,8.0,8
572,dcai_gcb_08/dcai_gcb_08/val/viii/b203a496-ce5d-11eb-b317-38f9d35ea60f.png,val,8.0,8
573,dcai_gcb_08/dcai_gcb_08/val/viii/b204be9e-ce5d-11eb-b317-38f9d35ea60f.png,val,8.0,8
574,dcai_gcb_08/dcai_gcb_08/val/viii/b2057b36-ce5d-11eb-b317-38f9d35ea60f.png,val,8.0,8
575,dcai_gcb_08/dcai_gcb_08/val/viii/b208a1f8-ce5d-11eb-b317-38f9d35ea60f.png,val,8.0,8
576,dcai_gcb_08/dcai_gcb_08/val/viii/b20a3c0c-ce5d-11eb-b317-38f9d35ea60f.png,val,8.0,8
577,dcai_gcb_08/dcai_gcb_08/val/viii/b20adaea-ce5d-11eb-b317-38f9d35ea60f.png,val,8.0,8
578,dcai_gcb_08/dcai_gcb_08/val/viii/b20b6f82-ce5d-11eb-b317-38f9d35ea60f.png,val,8.0,8
579,dcai_gcb_08/dcai_gcb_08/val/viii/b20c024e-ce5d-11eb-b317-38f9d35ea60f.png,val,8.0,8
580,dcai_gcb_08/dcai_gcb_08/val/viii/b20cb5fe-ce5d-11eb-b317-38f9d35ea60f.png,val,8.0,8
581,dcai_gcb_08/dcai_gcb_08/val/viii/b20d7296-ce5d-11eb-b317-38f9d35ea60f.png,val,8.0,8
582,dcai_gcb_08/dcai_gcb_08/val/viii/b20e892e-ce5d-11eb-b317-38f9d35ea60f.png,val,8.0,8
583,dcai_gcb_08/dcai_gcb_08/val/viii/b20f3da6-ce5d-11eb-b317-38f9d35ea60f.png,val,8.0,8
584,dcai_gcb_08/dcai_gcb_08/val/viii/b20fd680-ce5d-11eb-b317-38f9d35ea60f.png,val,8.0,8
585,dcai_gcb_08/dcai_gcb_08/val/viii/b210d9fe-ce5d-11eb-b317-38f9d35ea60f.png,val,8.0,8
586,dcai_gcb_08/dcai_gcb_08/val/viii/b211830e-ce5d-11eb-b317-38f9d35ea60f.png,val,8.0,8
587,dcai_gcb_08/dcai_gcb_08/val/viii/b2120a86-ce5d-11eb-b317-38f9d35ea60f.png,val,8.0,8
588,dcai_gcb_08/dcai_gcb_08/val/viii/b21298fc-ce5d-11eb-b317-38f9d35ea60f.png,val,8.0,8
589,dcai_gcb_08/dcai_gcb_08/val/viii/b213a238-ce5d-11eb-b317-38f9d35ea60f.png,val,8.0,8
590,dcai_gcb_08/dcai_gcb_08/val/viii/b2147dc0-ce5d-11eb-b317-38f9d35ea60f.png,val,8.0,8
591,dcai_gcb_08/dcai_gcb_08/val/viii/b2152dd8-ce5d-11eb-b317-38f9d35ea60f.png,val,8.0,8
592,dcai_gcb_08/dcai_gcb_08/val/viii/b21641c8-ce5d-11eb-b317-38f9d35ea60f.png,val,8.0,8
593,dcai_gcb_08/dcai_gcb_08/val/viii/b21701f8-ce5d-11eb-b317-38f9d35ea60f.png,val,8.0,8
594,dcai_gcb_08/dcai_gcb_08/val/viii/b2178e0c-ce5d-11eb-b317-38f9d35ea60f.png,val,8.0,8
595,dcai_gcb_08/dcai_gcb_08/val/viii/b2185850-ce5d-11eb-b317-38f9d35ea60f.png,val,8.0,8
596,dcai_gcb_08/dcai_gcb_08/val/viii/b218f59e-ce5d-11eb-b317-38f9d35ea60f.png,val,8.0,8
597,dcai_gcb_08/dcai_gcb_08/val/viii/b219901c-ce5d-11eb-b317-38f9d35ea60f.png,val,8.0,8
598,dcai_gcb_08/dcai_gcb_08/val/viii/b21a20fe-ce5d-11eb-b317-38f9d35ea60f.png,val,8.0,8
599,dcai_gcb_08/dcai_gcb_08/val/viii/b21ac90a-ce5d-11eb-b317-38f9d35ea60f.png,val,8.0,8
600,dcai_gcb_08/dcai_gcb_08/val/viii/b21bdc78-ce5d-11eb-b317-38f9d35ea60f.png,val,8.0,8
601,dcai_gcb_08/dcai_gcb_08/val/viii/b21c9302-ce5d-11eb-b317-38f9d35ea60f.png,val,8.0,8
602,dcai_gcb_08/dcai_gcb_08/val/viii/b21d4df6-ce5d-11eb-b317-38f9d35ea60f.png,val,8.0,8
603,dcai_gcb_08/dcai_gcb_08/val/viii/b21f0272-ce5d-11eb-b317-38f9d35ea60f.png,val,8.0,8
604,dcai_gcb_08/dcai_gcb_08/val/viii/b21fb6a4-ce5d-11eb-b317-38f9d35ea60f.png,val,8.0,8
605,dcai_gcb_08/dcai_gcb_08/val/viii/b2206856-ce5d-11eb-b317-38f9d35ea60f.png,val,8.0,8
606,dcai_gcb_08/dcai_gcb_08/val/viii/b220f9a6-ce5d-11eb-b317-38f9d35ea60f.png,val,8.0,8
607,dcai_gcb_08/dcai_gcb_08/val/viii/b221964a-ce5d-11eb-b317-38f9d35ea60f.png,val,8.0,8
608,dcai_gcb_08/dcai_gcb_08/val/viii/b2222c72-ce5d-11eb-b317-38f9d35ea60f.png,val,8.0,8
609,dcai_gcb_08/dcai_gcb_08/val/viii/b223ff8e-ce5d-11eb-b317-38f9d35ea60f.png,val,8.0,8
610,dcai_gcb_08/dcai_gcb_08/val/viii/b224b6c2-ce5d-11eb-b317-38f9d35ea60f.png,val,8.0,8
611,dcai_gcb_08/dcai_gcb_08/val/viii/b225968c-ce5d-11eb-b317-38f9d35ea60f.png,val,8.0,8
612,dcai_gcb_08/dcai_gcb_08/val/viii/b22627dc-ce5d-11eb-b317-38f9d35ea60f.png,val,8.0,8
613,dcai_gcb_08/dcai_gcb_08/val/viii/b226aa90-ce5d-11eb-b317-38f9d35ea60f.png,val,8.0,8
614,dcai_gcb_08/dcai_gcb_08/val/viii/b2274f68-ce5d-11eb-b317-38f9d35ea60f.png,val,8.0,8
615,dcai_gcb_08/dcai_gcb_08/val/viii/b22830c2-ce5d-11eb-b317-38f9d35ea60f.png,val,8.0,8
616,dcai_gcb_08/dcai_gcb_08/val/viii/b228cf00-ce5d-11eb-b317-38f9d35ea60f.png,val,8.0,8
617,dcai_gcb_08/dcai_gcb_08/val/viii/b22962bc-ce5d-11eb-b317-38f9d35ea60f.png,val,8.0,8
618,dcai_gcb_08/dcai_gcb_08/val/viii/b229fdda-ce5d-11eb-b317-38f9d35ea60f.png,val,8.0,7
619,dcai_gcb_08/dcai_gcb_08/val/viii/b22aeb64-ce5d-11eb-b317-38f9d35ea60f.png,val,8.0,8
620,dcai_gcb_08/dcai_gcb_08/val/viii/b22b9276-ce5d-11eb-b317-38f9d35ea60f.png,val,8.0,8
621,dcai_gcb_08/dcai_gcb_08/val/viii/b22c45b8-ce5d-11eb-b317-38f9d35ea60f.png,val,8.0,8
622,dcai_gcb_08/dcai_gcb_08/val/viii/b22d2488-ce5d-11eb-b317-38f9d35ea60f.png,val,8.0,8
623,dcai_gcb_08/dcai_gcb_08/val/viii/b22dcd52-ce5d-11eb-b317-38f9d35ea60f.png,val,8.0,8
624,dcai_gcb_08/dcai_gcb_08/val/viii/b22e5844-ce5d-11eb-b317-38f9d35ea60f.png,val,8.0,7
625,dcai_gcb_08/dcai_gcb_08/val/viii/b22f7b7a-ce5d-11eb-b317-38f9d35ea60f.png,val,8.0,8
626,dcai_gcb_08/dcai_gcb_08/val/viii/b2305a4a-ce5d-11eb-b317-38f9d35ea60f.png,val,8.0,8
627,dcai_gcb_08/dcai_gcb_08/val/viii/b230ec3a-ce5d-11eb-b317-38f9d35ea60f.png,val,8.0,8
628,dcai_gcb_08/dcai_gcb_08/val/viii/b231d424-ce5d-11eb-b317-38f9d35ea60f.png,val,8.0,8
629,dcai_gcb_08/dcai_gcb_08/val/viii/b2327302-ce5d-11eb-b317-38f9d35ea60f.png,val,8.0,8
630,dcai_gcb_08/dcai_gcb_08/val/viii/b23308a8-ce5d-11eb-b317-38f9d35ea60f.png,val,8.0,8
631,dcai_gcb_08/dcai_gcb_08/val/viii/b233d418-ce5d-11eb-b317-38f9d35ea60f.png,val,8.0,8
632,dcai_gcb_08/dcai_gcb_08/val/ix/b271658a-ce5d-11eb-b317-38f9d35ea60f.png,val,9.0,9
633,dcai_gcb_08/dcai_gcb_08/val/ix/b2721e44-ce5d-11eb-b317-38f9d35ea60f.png,val,9.0,9
634,dcai_gcb_08/dcai_gcb_08/val/ix/b274b906-ce5d-11eb-b317-38f9d35ea60f.png,val,9.0,9
635,dcai_gcb_08/dcai_gcb_08/val/ix/b2757ada-ce5d-11eb-b317-38f9d35ea60f.png,val,9.0,9
636,dcai_gcb_08/dcai_gcb_08/val/ix/b2762322-ce5d-11eb-b317-38f9d35ea60f.png,val,9.0,9
637,dcai_gcb_08/dcai_gcb_08/val/ix/b276c872-ce5d-11eb-b317-38f9d35ea60f.png,val,9.0,9
638,dcai_gcb_08/dcai_gcb_08/val/ix/b2783072-ce5d-11eb-b317-38f9d35ea60f.png,val,9.0,9
639,dcai_gcb_08/dcai_gcb_08/val/ix/b278f2dc-ce5d-11eb-b317-38f9d35ea60f.png,val,9.0,9
640,dcai_gcb_08/dcai_gcb_08/val/ix/b2799b24-ce5d-11eb-b317-38f9d35ea60f.png,val,9.0,9
641,dcai_gcb_08/dcai_gcb_08/val/ix/b27a33ae-ce5d-11eb-b317-38f9d35ea60f.png,val,9.0,9
642,dcai_gcb_08/dcai_gcb_08/val/ix/b27b0f0e-ce5d-11eb-b317-38f9d35ea60f.png,val,9.0,9
643,dcai_gcb_08/dcai_gcb_08/val/ix/b27d3298-ce5d-11eb-b317-38f9d35ea60f.png,val,9.0,9
644,dcai_gcb_08/dcai_gcb_08/val/ix/b27e34ea-ce5d-11eb-b317-38f9d35ea60f.png,val,9.0,9
645,dcai_gcb_08/dcai_gcb_08/val/ix/b27ef3da-ce5d-11eb-b317-38f9d35ea60f.png,val,9.0,9
646,dcai_gcb_08/dcai_gcb_08/val/ix/b27f8778-ce5d-11eb-b317-38f9d35ea60f.png,val,9.0,9
647,dcai_gcb_08/dcai_gcb_08/val/ix/b2803128-ce5d-11eb-b317-38f9d35ea60f.png,val,9.0,9
648,dcai_gcb_08/dcai_gcb_08/val/ix/b281740c-ce5d-11eb-b317-38f9d35ea60f.png,val,9.0,9
649,dcai_gcb_08/dcai_gcb_08/val/ix/b28218da-ce5d-11eb-b317-38f9d35ea60f.png,val,9.0,9
650,dcai_gcb_08/dcai_gcb_08/val/ix/b283fa60-ce5d-11eb-b317-38f9d35ea60f.png,val,9.0,9
651,dcai_gcb_08/dcai_gcb_08/val/ix/b284a550-ce5d-11eb-b317-38f9d35ea60f.png,val,9.0,9
652,dcai_gcb_08/dcai_gcb_08/val/ix/b2853e34-ce5d-11eb-b317-38f9d35ea60f.png,val,9.0,9
653,dcai_gcb_08/dcai_gcb_08/val/ix/b285f25c-ce5d-11eb-b317-38f9d35ea60f.png,val,9.0,9
654,dcai_gcb_08/dcai_gcb_08/val/ix/b286959a-ce5d-11eb-b317-38f9d35ea60f.png,val,9.0,9
655,dcai_gcb_08/dcai_gcb_08/val/ix/b2874e90-ce5d-11eb-b317-38f9d35ea60f.png,val,9.0,9
656,dcai_gcb_08/dcai_gcb_08/val/ix/b2889746-ce5d-11eb-b317-38f9d35ea60f.png,val,9.0,9
657,dcai_gcb_08/dcai_gcb_08/val/ix/b28958a2-ce5d-11eb-b317-38f9d35ea60f.png,val,9.0,9
658,dcai_gcb_08/dcai_gcb_08/val/ix/b289ecc2-ce5d-11eb-b317-38f9d35ea60f.png,val,9.0,9
659,dcai_gcb_08/dcai_gcb_08/val/ix/b28aa22a-ce5d-11eb-b317-38f9d35ea60f.png,val,9.0,9
660,dcai_gcb_08/dcai_gcb_08/val/ix/b28b48f6-ce5d-11eb-b317-38f9d35ea60f.png,val,9.0,9
661,dcai_gcb_08/dcai_gcb_08/val/ix/b28bd6f4-ce5d-11eb-b317-38f9d35ea60f.png,val,9.0,9
662,dcai_gcb_08/dcai_gcb_08/val/ix/b28ca106-ce5d-11eb-b317-38f9d35ea60f.png,val,9.0,9
663,dcai_gcb_08/dcai_gcb_08/val/ix/b28e6842-ce5d-11eb-b317-38f9d35ea60f.png,val,9.0,9
664,dcai_gcb_08/dcai_gcb_08/val/ix/b28f052c-ce5d-11eb-b317-38f9d35ea60f.png,val,9.0,9
665,dcai_gcb_08/dcai_gcb_08/val/ix/b28fdb0a-ce5d-11eb-b317-38f9d35ea60f.png,val,9.0,9
666,dcai_gcb_08/dcai_gcb_08/val/ix/b290d8de-ce5d-11eb-b317-38f9d35ea60f.png,val,9.0,9
667,dcai_gcb_08/dcai_gcb_08/val/ix/b291a05c-ce5d-11eb-b317-38f9d35ea60f.png,val,9.0,9
668,dcai_gcb_08/dcai_gcb_08/val/ix/b292700e-ce5d-11eb-b317-38f9d35ea60f.png,val,9.0,9
669,dcai_gcb_08/dcai_gcb_08/val/ix/b2933fd4-ce5d-11eb-b317-38f9d35ea60f.png,val,9.0,9
670,dcai_gcb_08/dcai_gcb_08/val/ix/b293d5ca-ce5d-11eb-b317-38f9d35ea60f.png,val,9.0,9
671,dcai_gcb_08/dcai_gcb_08/val/ix/b294705c-ce5d-11eb-b317-38f9d35ea60f.png,val,9.0,9
672,dcai_gcb_08/dcai_gcb_08/val/ix/b295ad14-ce5d-11eb-b317-38f9d35ea60f.png,val,9.0,9
673,dcai_gcb_08/dcai_gcb_08/val/ix/b296cbae-ce5d-11eb-b317-38f9d35ea60f.png,val,9.0,9
674,dcai_gcb_08/dcai_gcb_08/val/ix/b297a2f4-ce5d-11eb-b317-38f9d35ea60f.png,val,9.0,9
675,dcai_gcb_08/dcai_gcb_08/val/ix/b2984dd0-ce5d-11eb-b317-38f9d35ea60f.png,val,9.0,9
676,dcai_gcb_08/dcai_gcb_08/val/ix/b298e786-ce5d-11eb-b317-38f9d35ea60f.png,val,9.0,9
677,dcai_gcb_08/dcai_gcb_08/val/ix/b2999bcc-ce5d-11eb-b317-38f9d35ea60f.png,val,9.0,9
678,dcai_gcb_08/dcai_gcb_08/val/ix/b29a85b4-ce5d-11eb-b317-38f9d35ea60f.png,val,9.0,9
679,dcai_gcb_08/dcai_gcb_08/val/ix/b29b2b90-ce5d-11eb-b317-38f9d35ea60f.png,val,9.0,9
680,dcai_gcb_08/dcai_gcb_08/val/ix/b29bfab6-ce5d-11eb-b317-38f9d35ea60f.png,val,9.0,9
681,dcai_gcb_08/dcai_gcb_08/val/ix/b29ceb6a-ce5d-11eb-b317-38f9d35ea60f.png,val,9.0,9
682,dcai_gcb_08/dcai_gcb_08/val/ix/b29d9e66-ce5d-11eb-b317-38f9d35ea60f.png,val,9.0,9
683,dcai_gcb_08/dcai_gcb_08/val/ix/b29e4262-ce5d-11eb-b317-38f9d35ea60f.png,val,9.0,9
684,dcai_gcb_08/dcai_gcb_08/val/ix/b2a06c7c-ce5d-11eb-b317-38f9d35ea60f.png,val,9.0,9
685,dcai_gcb_08/dcai_gcb_08/val/ix/b2a22418-ce5d-11eb-b317-38f9d35ea60f.png,val,9.0,9
686,dcai_gcb_08/dcai_gcb_08/val/ix/b2a30676-ce5d-11eb-b317-38f9d35ea60f.png,val,9.0,9
687,dcai_gcb_08/dcai_gcb_08/val/ix/b2a3ba62-ce5d-11eb-b317-38f9d35ea60f.png,val,9.0,9
688,dcai_gcb_08/dcai_gcb_08/val/ix/b2a4c93e-ce5d-11eb-b317-38f9d35ea60f.png,val,9.0,9
689,dcai_gcb_08/dcai_gcb_08/val/ix/b2a5b0ce-ce5d-11eb-b317-38f9d35ea60f.png,val,9.0,9
690,dcai_gcb_08/dcai_gcb_08/val/ix/b2a6d1de-ce5d-11eb-b317-38f9d35ea60f.png,val,9.0,9
691,dcai_gcb_08/dcai_gcb_08/val/ix/b2a7966e-ce5d-11eb-b317-38f9d35ea60f.png,val,9.0,9
692,dcai_gcb_08/dcai_gcb_08/val/ix/b2a828a4-ce5d-11eb-b317-38f9d35ea60f.png,val,9.0,9
693,dcai_gcb_08/dcai_gcb_08/val/ix/b2a96c46-ce5d-11eb-b317-38f9d35ea60f.png,val,9.0,9
694,dcai_gcb_08/dcai_gcb_08/val/ix/b2aa3bd0-ce5d-11eb-b317-38f9d35ea60f.png,val,9.0,9
695,dcai_gcb_08/dcai_gcb_08/val/ix/b2aacea6-ce5d-11eb-b317-38f9d35ea60f.png,val,9.0,9
696,dcai_gcb_08/dcai_gcb_08/val/ix/b2ab71ee-ce5d-11eb-b317-38f9d35ea60f.png,val,9.0,9
697,dcai_gcb_08/dcai_gcb_08/val/ix/b2ac89da-ce5d-11eb-b317-38f9d35ea60f.png,val,9.0,9
698,dcai_gcb_08/dcai_gcb_08/val/ix/b2ad59f0-ce5d-11eb-b317-38f9d35ea60f.png,val,9.0,9
699,dcai_gcb_08/dcai_gcb_08/val/ix/b2ae0df0-ce5d-11eb-b317-38f9d35ea60f.png,val,9.0,9
700,dcai_gcb_08/dcai_gcb_08/val/ix/b2aeead6-ce5d-11eb-b317-38f9d35ea60f.png,val,9.0,9
701,dcai_gcb_08/dcai_gcb_08/val/ix/b2af93d2-ce5d-11eb-b317-38f9d35ea60f.png,val,9.0,9
702,dcai_gcb_08/dcai_gcb_08/val/ix/b2b03dbe-ce5d-11eb-b317-38f9d35ea60f.png,val,9.0,9
703,dcai_gcb_08/dcai_gcb_08/val/ix/b2b12fe4-ce5d-11eb-b317-38f9d35ea60f.png,val,9.0,9
704,dcai_gcb_08/dcai_gcb_08/val/ix/b2b1dffc-ce5d-11eb-b317-38f9d35ea60f.png,val,9.0,9
705,dcai_gcb_08/dcai_gcb_08/val/ix/b2b28420-ce5d-11eb-b317-38f9d35ea60f.png,val,9.0,9
706,dcai_gcb_08/dcai_gcb_08/val/ix/b2b33ba4-ce5d-11eb-b317-38f9d35ea60f.png,val,9.0,9
707,dcai_gcb_08/dcai_gcb_08/val/ix/b2b4889c-ce5d-11eb-b317-38f9d35ea60f.png,val,9.0,9
708,dcai_gcb_08/dcai_gcb_08/val/ix/b2b52ebe-ce5d-11eb-b317-38f9d35ea60f.png,val,9.0,9
709,dcai_gcb_08/dcai_gcb_08/val/ix/b2b5fa42-ce5d-11eb-b317-38f9d35ea60f.png,val,9.0,4
710,dcai_gcb_08/dcai_gcb_08/val/x/b2ef9e46-ce5d-11eb-b317-38f9d35ea60f.png,val,10.0,10
711,dcai_gcb_08/dcai_gcb_08/val/x/b2f02bfe-ce5d-11eb-b317-38f9d35ea60f.png,val,10.0,10
712,dcai_gcb_08/dcai_gcb_08/val/x/b2f14b74-ce5d-11eb-b317-38f9d35ea60f.png,val,10.0,10
713,dcai_gcb_08/dcai_gcb_08/val/x/b2f3566c-ce5d-11eb-b317-38f9d35ea60f.png,val,10.0,10
714,dcai_gcb_08/dcai_gcb_08/val/x/b2f40e72-ce5d-11eb-b317-38f9d35ea60f.png,val,10.0,10
715,dcai_gcb_08/dcai_gcb_08/val/x/b2f49e00-ce5d-11eb-b317-38f9d35ea60f.png,val,10.0,10
716,dcai_gcb_08/dcai_gcb_08/val/x/b2f5fbba-ce5d-11eb-b317-38f9d35ea60f.png,val,10.0,10
717,dcai_gcb_08/dcai_gcb_08/val/x/b2f6b7b2-ce5d-11eb-b317-38f9d35ea60f.png,val,10.0,10
718,dcai_gcb_08/dcai_gcb_08/val/x/b2f745d8-ce5d-11eb-b317-38f9d35ea60f.png,val,10.0,10
719,dcai_gcb_08/dcai_gcb_08/val/x/b2f817b0-ce5d-11eb-b317-38f9d35ea60f.png,val,10.0,10
720,dcai_gcb_08/dcai_gcb_08/val/x/b2f8c426-ce5d-11eb-b317-38f9d35ea60f.png,val,10.0,10
721,dcai_gcb_08/dcai_gcb_08/val/x/b2f9634a-ce5d-11eb-b317-38f9d35ea60f.png,val,10.0,10
722,dcai_gcb_08/dcai_gcb_08/val/x/b2fa012e-ce5d-11eb-b317-38f9d35ea60f.png,val,10.0,10
723,dcai_gcb_08/dcai_gcb_08/val/x/b2fb5646-ce5d-11eb-b317-38f9d35ea60f.png,val,10.0,10
724,dcai_gcb_08/dcai_gcb_08/val/x/b2fbfb82-ce5d-11eb-b317-38f9d35ea60f.png,val,10.0,10
725,dcai_gcb_08/dcai_gcb_08/val/x/b2fcd502-ce5d-11eb-b317-38f9d35ea60f.png,val,10.0,10
726,dcai_gcb_08/dcai_gcb_08/val/x/b2fdb5ee-ce5d-11eb-b317-38f9d35ea60f.png,val,10.0,10
727,dcai_gcb_08/dcai_gcb_08/val/x/b2fe72d6-ce5d-11eb-b317-38f9d35ea60f.png,val,10.0,10
728,dcai_gcb_08/dcai_gcb_08/val/x/b2fefec2-ce5d-11eb-b317-38f9d35ea60f.png,val,10.0,10
729,dcai_gcb_08/dcai_gcb_08/val/x/b3002496-ce5d-11eb-b317-38f9d35ea60f.png,val,10.0,10
730,dcai_gcb_08/dcai_gcb_08/val/x/b300d6b6-ce5d-11eb-b317-38f9d35ea60f.png,val,10.0,10
731,dcai_gcb_08/dcai_gcb_08/val/x/b301844e-ce5d-11eb-b317-38f9d35ea60f.png,val,10.0,10
732,dcai_gcb_08/dcai_gcb_08/val/x/b3028ccc-ce5d-11eb-b317-38f9d35ea60f.png,val,10.0,10
733,dcai_gcb_08/dcai_gcb_08/val/x/b3036160-ce5d-11eb-b317-38f9d35ea60f.png,val,10.0,10
734,dcai_gcb_08/dcai_gcb_08/val/x/b303ea9a-ce5d-11eb-b317-38f9d35ea60f.png,val,10.0,10
735,dcai_gcb_08/dcai_gcb_08/val/x/b304a6f6-ce5d-11eb-b317-38f9d35ea60f.png,val,10.0,10
736,dcai_gcb_08/dcai_gcb_08/val/x/b30568ac-ce5d-11eb-b317-38f9d35ea60f.png,val,10.0,10
737,dcai_gcb_08/dcai_gcb_08/val/x/b306035c-ce5d-11eb-b317-38f9d35ea60f.png,val,10.0,10
738,dcai_gcb_08/dcai_gcb_08/val/x/b306ac62-ce5d-11eb-b317-38f9d35ea60f.png,val,10.0,10
739,dcai_gcb_08/dcai_gcb_08/val/x/b307a964-ce5d-11eb-b317-38f9d35ea60f.png,val,10.0,10
740,dcai_gcb_08/dcai_gcb_08/val/x/b3086048-ce5d-11eb-b317-38f9d35ea60f.png,val,10.0,10
741,dcai_gcb_08/dcai_gcb_08/val/x/b308f59e-ce5d-11eb-b317-38f9d35ea60f.png,val,10.0,10
742,dcai_gcb_08/dcai_gcb_08/val/x/b30a87f6-ce5d-11eb-b317-38f9d35ea60f.png,val,10.0,10
743,dcai_gcb_08/dcai_gcb_08/val/x/b30b2cb0-ce5d-11eb-b317-38f9d35ea60f.png,val,10.0,10
744,dcai_gcb_08/dcai_gcb_08/val/x/b30bc4ae-ce5d-11eb-b317-38f9d35ea60f.png,val,10.0,10
745,dcai_gcb_08/dcai_gcb_08/val/x/b30dab7a-ce5d-11eb-b317-38f9d35ea60f.png,val,10.0,10
746,dcai_gcb_08/dcai_gcb_08/val/x/b310285a-ce5d-11eb-b317-38f9d35ea60f.png,val,10.0,10
747,dcai_gcb_08/dcai_gcb_08/val/x/b311cee4-ce5d-11eb-b317-38f9d35ea60f.png,val,10.0,10
748,dcai_gcb_08/dcai_gcb_08/val/x/b312b818-ce5d-11eb-b317-38f9d35ea60f.png,val,10.0,10
749,dcai_gcb_08/dcai_gcb_08/val/x/b315c5bc-ce5d-11eb-b317-38f9d35ea60f.png,val,10.0,10
750,dcai_gcb_08/dcai_gcb_08/val/x/b316b346-ce5d-11eb-b317-38f9d35ea60f.png,val,10.0,10
751,dcai_gcb_08/dcai_gcb_08/val/x/b317504e-ce5d-11eb-b317-38f9d35ea60f.png,val,10.0,10
752,dcai_gcb_08/dcai_gcb_08/val/x/b317e0c2-ce5d-11eb-b317-38f9d35ea60f.png,val,10.0,10
753,dcai_gcb_08/dcai_gcb_08/val/x/b3187dfc-ce5d-11eb-b317-38f9d35ea60f.png,val,10.0,10
754,dcai_gcb_08/dcai_gcb_08/val/x/b31b80f6-ce5d-11eb-b317-38f9d35ea60f.png,val,10.0,10
755,dcai_gcb_08/dcai_gcb_08/val/x/b31c3cd0-ce5d-11eb-b317-38f9d35ea60f.png,val,10.0,10
756,dcai_gcb_08/dcai_gcb_08/val/x/b31cd1e0-ce5d-11eb-b317-38f9d35ea60f.png,val,10.0,10
757,dcai_gcb_08/dcai_gcb_08/val/x/b31d69b6-ce5d-11eb-b317-38f9d35ea60f.png,val,10.0,10
758,dcai_gcb_08/dcai_gcb_08/val/x/b31ef10a-ce5d-11eb-b317-38f9d35ea60f.png,val,10.0,10
759,dcai_gcb_08/dcai_gcb_08/val/x/b31fc666-ce5d-11eb-b317-38f9d35ea60f.png,val,10.0,10
760,dcai_gcb_08/dcai_gcb_08/val/x/b32076ba-ce5d-11eb-b317-38f9d35ea60f.png,val,10.0,10
761,dcai_gcb_08/dcai_gcb_08/val/x/b3218384-ce5d-11eb-b317-38f9d35ea60f.png,val,10.0,10
762,dcai_gcb_08/dcai_gcb_08/val/x/b3225e30-ce5d-11eb-b317-38f9d35ea60f.png,val,10.0,10
763,dcai_gcb_08/dcai_gcb_08/val/x/b32314a6-ce5d-11eb-b317-38f9d35ea60f.png,val,10.0,10
764,dcai_gcb_08/dcai_gcb_08/val/x/b324670c-ce5d-11eb-b317-38f9d35ea60f.png,val,10.0,10
765,dcai_gcb_08/dcai_gcb_08/val/x/b32511a2-ce5d-11eb-b317-38f9d35ea60f.png,val,10.0,10
766,dcai_gcb_08/dcai_gcb_08/val/x/b3260fbc-ce5d-11eb-b317-38f9d35ea60f.png,val,10.0,10
767,dcai_gcb_08/dcai_gcb_08/val/x/b326b494-ce5d-11eb-b317-38f9d35ea60f.png,val,10.0,10
768,dcai_gcb_08/dcai_gcb_08/val/x/b3274fb2-ce5d-11eb-b317-38f9d35ea60f.png,val,10.0,10
769,dcai_gcb_08/dcai_gcb_08/val/x/b327f520-ce5d-11eb-b317-38f9d35ea60f.png,val,10.0,10
770,dcai_gcb_08/dcai_gcb_08/val/x/b3290cd0-ce5d-11eb-b317-38f9d35ea60f.png,val,10.0,10
771,dcai_gcb_08/dcai_gcb_08/val/x/b329a9ec-ce5d-11eb-b317-38f9d35ea60f.png,val,10.0,10
772,dcai_gcb_08/dcai_gcb_08/val/x/b32a3aba-ce5d-11eb-b317-38f9d35ea60f.png,val,10.0,10
773,dcai_gcb_08/dcai_gcb_08/val/x/b32ae668-ce5d-11eb-b317-38f9d35ea60f.png,val,10.0,10
774,dcai_gcb_08/dcai_gcb_08/val/x/b32b9a04-ce5d-11eb-b317-38f9d35ea60f.png,val,10.0,10
775,dcai_gcb_08/dcai_gcb_08/val/x/b32c35d6-ce5d-11eb-b317-38f9d35ea60f.png,val,10.0,10
776,dcai_gcb_08/dcai_gcb_08/val/x/b32cc94c-ce5d-11eb-b317-38f9d35ea60f.png,val,10.0,10
777,dcai_gcb_08/dcai_gcb_08/val/x/b32dcd74-ce5d-11eb-b317-38f9d35ea60f.png,val,10.0,10
778,dcai_gcb_08/dcai_gcb_08/val/x/b32e7fd0-ce5d-11eb-b317-38f9d35ea60f.png,val,10.0,10
779,dcai_gcb_08/dcai_gcb_08/val/x/b32f41cc-ce5d-11eb-b317-38f9d35ea60f.png,val,10.0,10
780,dcai_gcb_08/dcai_gcb_08/val/x/b32fdc86-ce5d-11eb-b317-38f9d35ea60f.png,val,10.0,10
781,dcai_gcb_08/dcai_gcb_08/val/x/b3307f24-ce5d-11eb-b317-38f9d35ea60f.png,val,10.0,10
782,dcai_gcb_08/dcai_gcb_08/val/x/b3310e9e-ce5d-11eb-b317-38f9d35ea60f.png,val,10.0,10
783,dcai_gcb_08/dcai_gcb_08/val/x/b331ef76-ce5d-11eb-b317-38f9d35ea60f.png,val,10.0,10
784,dcai_gcb_08/dcai_gcb_08/val/x/b333d386-ce5d-11eb-b317-38f9d35ea60f.png,val,10.0,10
785,dcai_gcb_08/dcai_gcb_08/val/x/b334afd6-ce5d-11eb-b317-38f9d35ea60f.png,val,10.0,10
786,dcai_gcb_08/dcai_gcb_08/val/x/b3359338-ce5d-11eb-b317-38f9d35ea60f.png,val,10.0,10
787,dcai_gcb_08/dcai_gcb_08/val/x/b3363bbc-ce5d-11eb-b317-38f9d35ea60f.png,val,10.0,10
788,dcai_gcb_08/dcai_gcb_08/val/x/b33b81e4-ce5d-11eb-b317-38f9d35ea60f.png,val,10.0,10
789,dcai_gcb_08/dcai_gcb_08/val/x/b33c36ac-ce5d-11eb-b317-38f9d35ea60f.png,val,10.0,10
790,label_book/label_book/i/a4b1d326-ce5d-11eb-b317-38f9d35ea60f.png,test,1.0,1
791,label_book/label_book/i/a4bc3fdc-ce5d-11eb-b317-38f9d35ea60f.png,test,1.0,1
792,label_book/label_book/i/a4c6f9c2-ce5d-11eb-b317-38f9d35ea60f.png,test,1.0,1
793,label_book/label_book/i/a4d082ee-ce5d-11eb-b317-38f9d35ea60f.png,test,1.0,1
794,label_book/label_book/i/a4ec97cc-ce5d-11eb-b317-38f9d35ea60f.png,test,1.0,1
795,label_book/label_book/ii/a37502ee-ce5d-11eb-b317-38f9d35ea60f.png,test,2.0,2
796,label_book/label_book/ii/a39e63f0-ce5d-11eb-b317-38f9d35ea60f.png,test,2.0,2
797,label_book/label_book/ii/a3b8f1fc-ce5d-11eb-b317-38f9d35ea60f.png,test,2.0,3
798,label_book/label_book/ii/a3e33dcc-ce5d-11eb-b317-38f9d35ea60f.png,test,2.0,3
799,label_book/label_book/ii/a3ef6ed0-ce5d-11eb-b317-38f9d35ea60f.png,test,2.0,2
800,label_book/label_book/iii/aa48cf06-ce5d-11eb-b317-38f9d35ea60f.png,test,3.0,3
801,label_book/label_book/iii/aa5a5a3c-ce5d-11eb-b317-38f9d35ea60f.png,test,3.0,3
802,label_book/label_book/iii/aa5f808e-ce5d-11eb-b317-38f9d35ea60f.png,test,3.0,2
803,label_book/label_book/iii/aa864ee4-ce5d-11eb-b317-38f9d35ea60f.png,test,3.0,4
804,label_book/label_book/iii/aaa15680-ce5d-11eb-b317-38f9d35ea60f.png,test,3.0,3
805,label_book/label_book/iii/aaa48d82-ce5d-11eb-b317-38f9d35ea60f.png,test,3.0,3
806,label_book/label_book/iv/a6c4469e-ce5d-11eb-b317-38f9d35ea60f.png,test,4.0,4
807,label_book/label_book/iv/a6d9760e-ce5d-11eb-b317-38f9d35ea60f.png,test,4.0,4
808,label_book/label_book/iv/a6f8c07c-ce5d-11eb-b317-38f9d35ea60f.png,test,4.0,4
809,label_book/label_book/iv/a70f5af8-ce5d-11eb-b317-38f9d35ea60f.png,test,4.0,4
810,label_book/label_book/iv/a7183a10-ce5d-11eb-b317-38f9d35ea60f.png,test,4.0,1
811,label_book/label_book/v/a88a741c-ce5d-11eb-b317-38f9d35ea60f.png,test,5.0,6
812,label_book/label_book/v/a8a5dcc0-ce5d-11eb-b317-38f9d35ea60f.png,test,5.0,5
813,label_book/label_book/v/a8d56ac6-ce5d-11eb-b317-38f9d35ea60f.png,test,5.0,5
814,label_book/label_book/v/a8e27400-ce5d-11eb-b317-38f9d35ea60f.png,test,5.0,5
815,label_book/label_book/v/a8e3ef7e-ce5d-11eb-b317-38f9d35ea60f.png,test,5.0,5
816,label_book/label_book/v/a91952ea-ce5d-11eb-b317-38f9d35ea60f.png,test,5.0,5
817,label_book/label_book/vi/a2f7b186-ce5d-11eb-b317-38f9d35ea60f.png,test,6.0,6
818,label_book/label_book/vi/a2f8da20-ce5d-11eb-b317-38f9d35ea60f.png,test,6.0,6
819,label_book/label_book/vi/a3095b98-ce5d-11eb-b317-38f9d35ea60f.png,test,6.0,6
820,label_book/label_book/vi/a343231e-ce5d-11eb-b317-38f9d35ea60f.png,test,6.0,6
821,label_book/label_book/vi/a35d6e72-ce5d-11eb-b317-38f9d35ea60f.png,test,6.0,6
822,label_book/label_book/vii/a51a40fa-ce5d-11eb-b317-38f9d35ea60f.png,test,7.0,3
823,label_book/label_book/vii/a55094e8-ce5d-11eb-b317-38f9d35ea60f.png,test,7.0,3
824,label_book/label_book/vii/a59dc4d4-ce5d-11eb-b317-38f9d35ea60f.png,test,7.0,7
825,label_book/label_book/vii/a5aa79fe-ce5d-11eb-b317-38f9d35ea60f.png,test,7.0,7
826,label_book/label_book/vii/a5ade382-ce5d-11eb-b317-38f9d35ea60f.png,test,7.0,7
827,label_book/label_book/viii/a5e9e2ec-ce5d-11eb-b317-38f9d35ea60f.png,test,8.0,8
828,label_book/label_book/viii/a624afee-ce5d-11eb-b317-38f9d35ea60f.png,test,8.0,8
829,label_book/label_book/viii/a626842c-ce5d-11eb-b317-38f9d35ea60f.png,test,8.0,8
830,label_book/label_book/viii/a64e3d3c-ce5d-11eb-b317-38f9d35ea60f.png,test,8.0,8
831,label_book/label_book/viii/a65c274e-ce5d-11eb-b317-38f9d35ea60f.png,test,8.0,8
832,label_book/label_book/ix/a7967416-ce5d-11eb-b317-38f9d35ea60f.png,test,9.0,9
833,label_book/label_book/ix/a7ad6766-ce5d-11eb-b317-38f9d35ea60f.png,test,9.0,9
834,label_book/label_book/ix/a7ae10bc-ce5d-11eb-b317-38f9d35ea60f.png,test,9.0,4
835,label_book/label_book/ix/a7dae376-ce5d-11eb-b317-38f9d35ea60f.png,test,9.0,2
836,label_book/label_book/ix/a821f1a8-ce5d-11eb-b317-38f9d35ea60f.png,test,9.0,9
837,label_book/label_book/x/a97df060-ce5d-11eb-b317-38f9d35ea60f.png,test,10.0,10
838,label_book/label_book/x/a9a4255a-ce5d-11eb-b317-38f9d35ea60f.png,test,10.0,10
839,label_book/label_book/x/a9b14348-ce5d-11eb-b317-38f9d35ea60f.png,test,10.0,10
840,label_book/label_book/x/a9d6228a-ce5d-11eb-b317-38f9d35ea60f.png,test,10.0,10
841,label_book/label_book/x/a9e4f63e-ce5d-11eb-b317-38f9d35ea60f.png,test,10.0,10
