,fp,label,good
0,./vae_out/iii/iii_0666.png,bad,False
1,./vae_out/iii/iii_0753.png,good,True
2,./vae_out/iii/iii_3031.png,good,True
3,./vae_out/iii/iii_3295.png,good,True
4,./vae_out/iii/iii_4190.png,good,True
5,./vae_out/iii/iii_2555.png,bad,False
6,./vae_out/iii/iii_0953.png,good,True
7,./vae_out/iii/iii_1882.png,good,True
8,./vae_out/iii/iii_0040.png,good,True
9,./vae_out/iii/iii_2908.png,good,True
10,./vae_out/iii/iii_4128.png,good,True
11,./vae_out/iii/iii_3006.png,good,True
12,./vae_out/iii/iii_0263.png,good,True
13,./vae_out/iii/iii_1476.png,good,True
14,./vae_out/iii/iii_0686.png,good,True
15,./vae_out/iii/iii_0870.png,good,True
16,./vae_out/iii/iii_1863.png,good,True
17,./vae_out/iii/iii_1768.png,good,True
18,./vae_out/iii/iii_4143.png,good,True
19,./vae_out/iii/iii_0750.png,bad,False
20,./vae_out/iii/iii_1231.png,good,True
21,./vae_out/iii/iii_1780.png,good,True
22,./vae_out/iii/iii_1805.png,bad,False
23,./vae_out/iii/iii_1114.png,bad,False
24,./vae_out/iii/iii_3380.png,bad,False
25,./vae_out/iii/iii_0895.png,bad,False
26,./vae_out/iii/iii_3348.png,bad,False
27,./vae_out/iii/iii_4010.png,bad,False
28,./vae_out/iii/iii_4093.png,bad,False
29,./vae_out/iii/iii_0951.png,bad,False
30,./vae_out/iii/iii_1958.png,bad,False
31,./vae_out/iii/iii_4471.png,bad,False
32,./vae_out/iii/iii_2232.png,bad,False
33,./vae_out/iii/iii_1126.png,good,True
34,./vae_out/iii/iii_1598.png,good,True
35,./vae_out/iii/iii_2560.png,good,True
36,./vae_out/iii/iii_3871.png,good,True
37,./vae_out/iii/iii_3131.png,good,True
38,./vae_out/iii/iii_4778.png,bad,False
39,./vae_out/iii/iii_1811.png,bad,False
40,./vae_out/iii/iii_0176.png,good,True
41,./vae_out/iii/iii_3394.png,bad,False
42,./vae_out/iii/iii_4870.png,bad,False
43,./vae_out/iii/iii_0376.png,good,True
44,./vae_out/iii/iii_3713.png,bad,False
45,./vae_out/iii/iii_4473.png,bad,False
46,./vae_out/iii/iii_1237.png,bad,False
47,./vae_out/iii/iii_4911.png,good,True
48,./vae_out/iii/iii_4049.png,bad,False
49,./vae_out/iii/iii_4795.png,bad,False
50,./vae_out/iii/iii_0765.png,good,True
51,./vae_out/iii/iii_1495.png,bad,False
52,./vae_out/iii/iii_1265.png,bad,False
53,./vae_out/iii/iii_3825.png,bad,False
54,./vae_out/iii/iii_1170.png,good,True
55,./vae_out/iii/iii_3982.png,bad,False
56,./vae_out/iii/iii_0928.png,good,True
57,./vae_out/iii/iii_0888.png,good,True
58,./vae_out/iii/iii_1532.png,good,True
59,./vae_out/iii/iii_4317.png,good,True
60,./vae_out/iii/iii_2358.png,good,True
61,./vae_out/iii/iii_3784.png,good,True
62,./vae_out/iii/iii_1434.png,good,True
63,./vae_out/iii/iii_3864.png,bad,False
64,./vae_out/iii/iii_0970.png,bad,False
65,./vae_out/iii/iii_1479.png,good,True
66,./vae_out/iii/iii_4670.png,good,True
67,./vae_out/iii/iii_1650.png,good,True
68,./vae_out/iii/iii_0373.png,good,True
69,./vae_out/iii/iii_1496.png,good,True
70,./vae_out/iii/iii_4872.png,good,True
71,./vae_out/iii/iii_4428.png,good,True
72,./vae_out/iii/iii_0503.png,bad,False
73,./vae_out/iii/iii_4710.png,good,True
74,./vae_out/iii/iii_0662.png,bad,False
75,./vae_out/iii/iii_0211.png,bad,False
76,./vae_out/iii/iii_4206.png,bad,False
77,./vae_out/iii/iii_4935.png,bad,False
78,./vae_out/iii/iii_4788.png,good,True
79,./vae_out/iii/iii_0074.png,bad,False
80,./vae_out/iii/iii_0481.png,bad,False
81,./vae_out/iii/iii_4536.png,good,True
82,./vae_out/iii/iii_2243.png,bad,False
83,./vae_out/iii/iii_3062.png,good,True
84,./vae_out/iii/iii_2938.png,good,True
85,./vae_out/iii/iii_3675.png,good,True
86,./vae_out/iii/iii_2319.png,good,True
87,./vae_out/iii/iii_1695.png,good,True
88,./vae_out/iii/iii_0522.png,good,True
89,./vae_out/iii/iii_0718.png,bad,False
90,./vae_out/iii/iii_1252.png,good,True
91,./vae_out/iii/iii_2468.png,good,True
92,./vae_out/iii/iii_4086.png,good,True
93,./vae_out/iii/iii_0797.png,bad,False
94,./vae_out/iii/iii_1655.png,good,True
95,./vae_out/iii/iii_2642.png,good,True
96,./vae_out/iii/iii_2571.png,good,True
97,./vae_out/iii/iii_1607.png,good,True
98,./vae_out/iii/iii_3333.png,good,True
99,./vae_out/iii/iii_4502.png,good,True
100,./vae_out/iii/iii_4546.png,bad,False
101,./vae_out/iii/iii_1248.png,bad,False
102,./vae_out/iii/iii_0818.png,good,True
103,./vae_out/iii/iii_0866.png,good,True
104,./vae_out/iii/iii_1694.png,bad,False
105,./vae_out/iii/iii_3598.png,good,True
106,./vae_out/iii/iii_3467.png,good,True
107,./vae_out/iii/iii_4288.png,good,True
108,./vae_out/iii/iii_2181.png,good,True
109,./vae_out/iii/iii_3401.png,good,True
110,./vae_out/iii/iii_1553.png,bad,False
111,./vae_out/iii/iii_3669.png,bad,False
112,./vae_out/iii/iii_2719.png,bad,False
113,./vae_out/iii/iii_4517.png,good,True
114,./vae_out/iii/iii_4219.png,bad,False
115,./vae_out/iii/iii_0010.png,good,True
116,./vae_out/iii/iii_2422.png,good,True
117,./vae_out/iii/iii_3694.png,good,True
118,./vae_out/iii/iii_3571.png,good,True
119,./vae_out/iii/iii_4172.png,good,True
120,./vae_out/iii/iii_0274.png,good,True
121,./vae_out/iii/iii_2457.png,good,True
122,./vae_out/iii/iii_3813.png,good,True
123,./vae_out/iii/iii_1508.png,bad,False
124,./vae_out/iii/iii_3429.png,good,True
125,./vae_out/iii/iii_3630.png,bad,False
126,./vae_out/iii/iii_2487.png,good,True
127,./vae_out/iii/iii_0015.png,good,True
128,./vae_out/iii/iii_1375.png,good,True
129,./vae_out/iii/iii_2121.png,bad,False
130,./vae_out/iii/iii_4897.png,good,True
131,./vae_out/iii/iii_0700.png,good,True
132,./vae_out/iii/iii_4581.png,bad,False
133,./vae_out/iii/iii_0446.png,bad,False
134,./vae_out/iii/iii_0627.png,good,True
135,./vae_out/iii/iii_4223.png,good,True
136,./vae_out/iii/iii_2479.png,bad,False
137,./vae_out/iii/iii_2751.png,good,True
138,./vae_out/iii/iii_3882.png,bad,False
139,./vae_out/iii/iii_0401.png,bad,False
140,./vae_out/iii/iii_3623.png,good,True
141,./vae_out/iii/iii_2172.png,bad,False
142,./vae_out/iii/iii_2107.png,bad,False
143,./vae_out/iii/iii_0554.png,good,True
144,./vae_out/iii/iii_1804.png,good,True
145,./vae_out/iii/iii_0584.png,good,True
146,./vae_out/iii/iii_3370.png,bad,False
147,./vae_out/iii/iii_3242.png,good,True
148,./vae_out/iii/iii_1319.png,good,True
149,./vae_out/iii/iii_1119.png,bad,False
150,./vae_out/iii/iii_1782.png,bad,False
151,./vae_out/iii/iii_4453.png,bad,False
152,./vae_out/iii/iii_2321.png,good,True
153,./vae_out/iii/iii_1724.png,bad,False
154,./vae_out/iii/iii_2155.png,bad,False
155,./vae_out/iii/iii_3479.png,good,True
156,./vae_out/iii/iii_3692.png,good,True
157,./vae_out/iii/iii_2068.png,bad,False
158,./vae_out/iii/iii_2182.png,good,True
159,./vae_out/iii/iii_0806.png,good,True
160,./vae_out/iii/iii_0558.png,bad,False
161,./vae_out/iii/iii_0540.png,good,True
162,./vae_out/iii/iii_4717.png,good,True
163,./vae_out/iii/iii_1030.png,good,True
164,./vae_out/iii/iii_3946.png,bad,False
165,./vae_out/iii/iii_1025.png,good,True
166,./vae_out/iii/iii_3344.png,good,True
167,./vae_out/iii/iii_2365.png,good,True
168,./vae_out/iii/iii_0121.png,good,True
169,./vae_out/iii/iii_1453.png,bad,False
170,./vae_out/iii/iii_1999.png,bad,False
171,./vae_out/iii/iii_4595.png,good,True
172,./vae_out/iii/iii_1992.png,good,True
173,./vae_out/iii/iii_1299.png,bad,False
174,./vae_out/iii/iii_4113.png,bad,False
175,./vae_out/iii/iii_2330.png,good,True
176,./vae_out/iii/iii_3818.png,bad,False
177,./vae_out/iii/iii_0198.png,bad,False
178,./vae_out/iii/iii_4030.png,good,True
179,./vae_out/iii/iii_1236.png,good,True
180,./vae_out/iii/iii_3414.png,good,True
181,./vae_out/iii/iii_4966.png,good,True
182,./vae_out/iii/iii_2724.png,good,True
183,./vae_out/iii/iii_0719.png,good,True
184,./vae_out/iii/iii_4307.png,bad,False
185,./vae_out/iii/iii_4045.png,good,True
186,./vae_out/iii/iii_4669.png,good,True
187,./vae_out/iii/iii_2413.png,good,True
188,./vae_out/iii/iii_1046.png,good,True
189,./vae_out/iii/iii_1487.png,good,True
190,./vae_out/iii/iii_3661.png,good,True
191,./vae_out/iii/iii_0820.png,bad,False
192,./vae_out/iii/iii_4447.png,bad,False
193,./vae_out/iii/iii_0707.png,bad,False
194,./vae_out/iii/iii_2685.png,good,True
195,./vae_out/iii/iii_3902.png,good,True
196,./vae_out/iii/iii_2587.png,good,True
197,./vae_out/iii/iii_1419.png,good,True
198,./vae_out/iii/iii_0496.png,bad,False
199,./vae_out/iii/iii_4545.png,bad,False
200,./vae_out/iii/iii_3130.png,good,True
201,./vae_out/iii/iii_3915.png,good,True
202,./vae_out/iii/iii_2064.png,good,True
203,./vae_out/iii/iii_3945.png,good,True
204,./vae_out/iii/iii_4743.png,bad,False
205,./vae_out/iii/iii_3650.png,bad,False
206,./vae_out/iii/iii_3714.png,good,True
207,./vae_out/iii/iii_4887.png,good,True
208,./vae_out/iii/iii_4069.png,good,True
209,./vae_out/iii/iii_3572.png,bad,False
210,./vae_out/iii/iii_0349.png,bad,False
211,./vae_out/iii/iii_0607.png,good,True
212,./vae_out/iii/iii_4065.png,good,True
213,./vae_out/iii/iii_3198.png,bad,False
214,./vae_out/iii/iii_3702.png,good,True
215,./vae_out/iii/iii_3193.png,bad,False
216,./vae_out/iii/iii_3163.png,good,True
217,./vae_out/iii/iii_3710.png,bad,False
218,./vae_out/iii/iii_4057.png,good,True
219,./vae_out/iii/iii_0110.png,good,True
220,./vae_out/iii/iii_3324.png,good,True
221,./vae_out/iii/iii_2624.png,good,True
222,./vae_out/iii/iii_0229.png,good,True
223,./vae_out/iii/iii_1736.png,good,True
224,./vae_out/iii/iii_0841.png,good,True
225,./vae_out/iii/iii_3923.png,bad,False
226,./vae_out/iii/iii_4407.png,bad,False
227,./vae_out/iii/iii_0701.png,bad,False
228,./vae_out/iii/iii_2339.png,good,True
229,./vae_out/iii/iii_1628.png,bad,False
230,./vae_out/iii/iii_0758.png,good,True
231,./vae_out/iii/iii_3438.png,good,True
232,./vae_out/iii/iii_0126.png,good,True
233,./vae_out/iii/iii_2259.png,good,True
234,./vae_out/iii/iii_4509.png,bad,False
235,./vae_out/iii/iii_3612.png,bad,False
236,./vae_out/iii/iii_4901.png,good,True
237,./vae_out/iii/iii_0461.png,bad,False
238,./vae_out/iii/iii_0489.png,good,True
239,./vae_out/iii/iii_2063.png,good,True
240,./vae_out/iii/iii_0471.png,good,True
241,./vae_out/iii/iii_3748.png,bad,False
242,./vae_out/iii/iii_0477.png,good,True
243,./vae_out/iii/iii_2496.png,good,True
244,./vae_out/iii/iii_0523.png,bad,False
245,./vae_out/iii/iii_4615.png,good,True
246,./vae_out/iii/iii_2674.png,good,True
247,./vae_out/iii/iii_3633.png,bad,False
248,./vae_out/iii/iii_3838.png,good,True
249,./vae_out/iii/iii_4632.png,bad,False
250,./vae_out/iii/iii_0301.png,good,True
251,./vae_out/iii/iii_0001.png,bad,False
252,./vae_out/iii/iii_3381.png,bad,False
253,./vae_out/iii/iii_4052.png,bad,False
254,./vae_out/iii/iii_3015.png,good,True
255,./vae_out/iii/iii_1291.png,bad,False
256,./vae_out/iii/iii_4118.png,good,True
257,./vae_out/iii/iii_0696.png,bad,False
258,./vae_out/iii/iii_2847.png,bad,False
259,./vae_out/iii/iii_3680.png,good,True
260,./vae_out/iii/iii_4784.png,bad,False
261,./vae_out/iii/iii_4914.png,bad,False
262,./vae_out/iii/iii_4849.png,bad,False
263,./vae_out/iii/iii_3097.png,bad,False
264,./vae_out/iii/iii_0583.png,bad,False
265,./vae_out/iii/iii_0319.png,good,True
266,./vae_out/iii/iii_3807.png,good,True
267,./vae_out/iii/iii_2371.png,good,True
268,./vae_out/iii/iii_3093.png,good,True
269,./vae_out/iii/iii_4597.png,good,True
270,./vae_out/iii/iii_4653.png,bad,False
271,./vae_out/iii/iii_2028.png,good,True
272,./vae_out/iii/iii_4074.png,bad,False
273,./vae_out/iii/iii_3441.png,bad,False
274,./vae_out/iii/iii_2682.png,good,True
275,./vae_out/iii/iii_4543.png,good,True
276,./vae_out/iii/iii_0261.png,bad,False
277,./vae_out/iii/iii_4805.png,bad,False
278,./vae_out/iii/iii_0272.png,bad,False
279,./vae_out/iii/iii_1003.png,good,True
280,./vae_out/iii/iii_3152.png,good,True
281,./vae_out/iii/iii_0943.png,good,True
282,./vae_out/iii/iii_2092.png,bad,False
283,./vae_out/iii/iii_4684.png,good,True
284,./vae_out/iii/iii_2327.png,bad,False
285,./vae_out/iii/iii_0789.png,bad,False
286,./vae_out/iii/iii_0825.png,good,True
287,./vae_out/iii/iii_3550.png,bad,False
288,./vae_out/iii/iii_0317.png,good,True
289,./vae_out/iii/iii_4377.png,good,True
290,./vae_out/iii/iii_4613.png,bad,False
291,./vae_out/iii/iii_4523.png,bad,False
292,./vae_out/iii/iii_0465.png,good,True
293,./vae_out/iii/iii_0239.png,good,True
294,./vae_out/iii/iii_2933.png,bad,False
295,./vae_out/iii/iii_1031.png,good,True
296,./vae_out/iii/iii_4628.png,good,True
297,./vae_out/iii/iii_4103.png,good,True
298,./vae_out/iii/iii_1278.png,bad,False
299,./vae_out/iii/iii_2473.png,good,True
300,./vae_out/iii/iii_1742.png,bad,False
301,./vae_out/iii/iii_4388.png,bad,False
302,./vae_out/iii/iii_4397.png,bad,False
303,./vae_out/iii/iii_1580.png,bad,False
304,./vae_out/iii/iii_3280.png,good,True
305,./vae_out/iii/iii_2477.png,bad,False
306,./vae_out/iii/iii_4744.png,bad,False
307,./vae_out/iii/iii_1268.png,bad,False
308,./vae_out/iii/iii_3890.png,good,True
309,./vae_out/iii/iii_0387.png,good,True
310,./vae_out/iii/iii_2742.png,bad,False
311,./vae_out/iii/iii_1189.png,bad,False
312,./vae_out/iii/iii_4213.png,bad,False
313,./vae_out/iii/iii_4753.png,good,True
314,./vae_out/iii/iii_2065.png,bad,False
315,./vae_out/iii/iii_3767.png,bad,False
316,./vae_out/iii/iii_4785.png,bad,False
317,./vae_out/iii/iii_0801.png,bad,False
318,./vae_out/iii/iii_4845.png,bad,False
319,./vae_out/iii/iii_3877.png,good,True
320,./vae_out/iii/iii_3830.png,bad,False
321,./vae_out/iii/iii_3137.png,bad,False
322,./vae_out/iii/iii_4134.png,bad,False
323,./vae_out/iii/iii_1955.png,good,True
324,./vae_out/iii/iii_0525.png,good,True
325,./vae_out/iii/iii_1116.png,good,True
326,./vae_out/iii/iii_2503.png,good,True
327,./vae_out/iii/iii_2040.png,bad,False
328,./vae_out/iii/iii_4578.png,good,True
329,./vae_out/iii/iii_4918.png,good,True
330,./vae_out/iii/iii_1167.png,good,True
331,./vae_out/iii/iii_0270.png,good,True
332,./vae_out/iii/iii_1270.png,bad,False
333,./vae_out/iii/iii_2693.png,bad,False
334,./vae_out/iii/iii_4384.png,bad,False
335,./vae_out/iii/iii_1345.png,bad,False
336,./vae_out/iii/iii_3133.png,bad,False
337,./vae_out/iii/iii_4639.png,bad,False
338,./vae_out/iii/iii_3684.png,good,True
339,./vae_out/iii/iii_1007.png,bad,False
340,./vae_out/iii/iii_0881.png,good,True
341,./vae_out/iii/iii_0174.png,bad,False
342,./vae_out/iii/iii_3060.png,bad,False
343,./vae_out/iii/iii_3480.png,good,True
344,./vae_out/iii/iii_1322.png,good,True
345,./vae_out/iii/iii_3646.png,bad,False
346,./vae_out/iii/iii_3920.png,good,True
347,./vae_out/iii/iii_3730.png,good,True
348,./vae_out/iii/iii_1970.png,bad,False
349,./vae_out/iii/iii_1630.png,bad,False
350,./vae_out/iii/iii_1941.png,bad,False
351,./vae_out/iii/iii_2883.png,bad,False
352,./vae_out/iii/iii_4281.png,bad,False
353,./vae_out/iii/iii_4019.png,good,True
354,./vae_out/iii/iii_4687.png,bad,False
355,./vae_out/iii/iii_0415.png,bad,False
356,./vae_out/iii/iii_3365.png,good,True
357,./vae_out/iii/iii_0394.png,good,True
358,./vae_out/iii/iii_1570.png,good,True
359,./vae_out/iii/iii_1574.png,good,True
360,./vae_out/iii/iii_4387.png,good,True
361,./vae_out/iii/iii_0955.png,bad,False
362,./vae_out/iii/iii_0092.png,good,True
363,./vae_out/iii/iii_1156.png,good,True
364,./vae_out/iii/iii_0476.png,bad,False
365,./vae_out/iii/iii_0160.png,bad,False
366,./vae_out/iii/iii_2148.png,good,True
367,./vae_out/iii/iii_2355.png,bad,False
368,./vae_out/iii/iii_1826.png,bad,False
369,./vae_out/iii/iii_3578.png,bad,False
370,./vae_out/iii/iii_2331.png,good,True
371,./vae_out/iii/iii_3140.png,good,True
372,./vae_out/iii/iii_4783.png,bad,False
373,./vae_out/iii/iii_3176.png,good,True
374,./vae_out/iii/iii_1379.png,bad,False
375,./vae_out/iii/iii_0478.png,good,True
376,./vae_out/iii/iii_1624.png,good,True
377,./vae_out/iii/iii_0129.png,bad,False
378,./vae_out/iii/iii_1335.png,good,True
379,./vae_out/iii/iii_4022.png,bad,False
380,./vae_out/iii/iii_2115.png,good,True
381,./vae_out/iii/iii_4568.png,bad,False
382,./vae_out/iii/iii_0216.png,bad,False
383,./vae_out/iii/iii_3192.png,good,True
384,./vae_out/iii/iii_4142.png,bad,False
385,./vae_out/iii/iii_2799.png,good,True
386,./vae_out/iii/iii_1131.png,bad,False
387,./vae_out/iii/iii_3084.png,good,True
388,./vae_out/iii/iii_2406.png,bad,False
389,./vae_out/iii/iii_1512.png,good,True
390,./vae_out/iii/iii_4164.png,good,True
391,./vae_out/iii/iii_4269.png,bad,False
392,./vae_out/iii/iii_1310.png,good,True
393,./vae_out/iii/iii_2318.png,good,True
394,./vae_out/iii/iii_1177.png,bad,False
395,./vae_out/iii/iii_4580.png,bad,False
396,./vae_out/iii/iii_1837.png,good,True
397,./vae_out/iii/iii_4338.png,good,True
398,./vae_out/iii/iii_0333.png,good,True
399,./vae_out/iii/iii_0772.png,good,True
400,./vae_out/iii/iii_2556.png,bad,False
401,./vae_out/iii/iii_1014.png,good,True
402,./vae_out/iii/iii_3050.png,good,True
403,./vae_out/iii/iii_1443.png,good,True
404,./vae_out/iii/iii_0939.png,bad,False
405,./vae_out/iii/iii_0722.png,good,True
406,./vae_out/iii/iii_3457.png,good,True
407,./vae_out/iii/iii_0122.png,good,True
408,./vae_out/iii/iii_2774.png,bad,False
409,./vae_out/iii/iii_1115.png,bad,False
410,./vae_out/iii/iii_2645.png,bad,False
411,./vae_out/iii/iii_0914.png,bad,False
412,./vae_out/iii/iii_0755.png,good,True
413,./vae_out/iii/iii_2838.png,bad,False
414,./vae_out/iii/iii_1339.png,good,True
415,./vae_out/iii/iii_2822.png,good,True
416,./vae_out/iii/iii_3376.png,good,True
417,./vae_out/iii/iii_3435.png,good,True
418,./vae_out/iii/iii_1933.png,good,True
419,./vae_out/iii/iii_0837.png,good,True
420,./vae_out/iii/iii_2022.png,good,True
421,./vae_out/iii/iii_2830.png,good,True
422,./vae_out/iii/iii_0183.png,good,True
423,./vae_out/iii/iii_2223.png,bad,False
424,./vae_out/iii/iii_3910.png,bad,False
425,./vae_out/iii/iii_2491.png,bad,False
426,./vae_out/iii/iii_0524.png,good,True
427,./vae_out/iii/iii_2369.png,good,True
428,./vae_out/iii/iii_3424.png,good,True
429,./vae_out/iii/iii_4470.png,good,True
430,./vae_out/iii/iii_3087.png,good,True
431,./vae_out/iii/iii_4007.png,good,True
432,./vae_out/iii/iii_3712.png,bad,False
433,./vae_out/iii/iii_4329.png,bad,False
434,./vae_out/iii/iii_4047.png,bad,False
435,./vae_out/iii/iii_3956.png,bad,False
436,./vae_out/iii/iii_2030.png,bad,False
437,./vae_out/iii/iii_0379.png,bad,False
438,./vae_out/iii/iii_3300.png,bad,False
439,./vae_out/iii/iii_1080.png,good,True
440,./vae_out/iii/iii_1700.png,good,True
441,./vae_out/iii/iii_0127.png,good,True
442,./vae_out/iii/iii_3843.png,bad,False
443,./vae_out/iii/iii_2522.png,bad,False
444,./vae_out/iii/iii_0474.png,good,True
445,./vae_out/iii/iii_4257.png,good,True
446,./vae_out/iii/iii_4050.png,good,True
447,./vae_out/iii/iii_2596.png,bad,False
448,./vae_out/iii/iii_3513.png,bad,False
449,./vae_out/iii/iii_3279.png,good,True
450,./vae_out/iii/iii_2215.png,bad,False
451,./vae_out/iii/iii_2558.png,good,True
452,./vae_out/iii/iii_4816.png,good,True
453,./vae_out/iii/iii_2788.png,good,True
454,./vae_out/iii/iii_1082.png,good,True
455,./vae_out/iii/iii_3781.png,bad,False
456,./vae_out/iii/iii_4959.png,bad,False
457,./vae_out/iii/iii_0163.png,good,True
458,./vae_out/iii/iii_1316.png,bad,False
459,./vae_out/iii/iii_0037.png,bad,False
460,./vae_out/iii/iii_3383.png,bad,False
461,./vae_out/iii/iii_1978.png,bad,False
462,./vae_out/iii/iii_2801.png,bad,False
463,./vae_out/iii/iii_1107.png,bad,False
464,./vae_out/iii/iii_1951.png,good,True
465,./vae_out/iii/iii_3246.png,good,True
466,./vae_out/iii/iii_3351.png,bad,False
467,./vae_out/iii/iii_2191.png,bad,False
468,./vae_out/iii/iii_0472.png,bad,False
469,./vae_out/iii/iii_4203.png,good,True
470,./vae_out/iii/iii_4573.png,bad,False
471,./vae_out/iii/iii_2165.png,bad,False
472,./vae_out/iii/iii_0197.png,good,True
473,./vae_out/iii/iii_2140.png,good,True
474,./vae_out/iii/iii_1516.png,good,True
475,./vae_out/iii/iii_0370.png,good,True
476,./vae_out/iii/iii_0579.png,bad,False
477,./vae_out/iii/iii_2403.png,good,True
478,./vae_out/iii/iii_2466.png,good,True
479,./vae_out/iii/iii_0697.png,good,True
480,./vae_out/iii/iii_2484.png,good,True
481,./vae_out/iii/iii_3605.png,good,True
482,./vae_out/iii/iii_0340.png,good,True
483,./vae_out/iii/iii_0661.png,good,True
484,./vae_out/iii/iii_1869.png,good,True
485,./vae_out/iii/iii_4119.png,good,True
486,./vae_out/iii/iii_0324.png,good,True
487,./vae_out/iii/iii_0795.png,bad,False
488,./vae_out/iii/iii_4191.png,good,True
489,./vae_out/iii/iii_3812.png,bad,False
490,./vae_out/iii/iii_0306.png,good,True
491,./vae_out/iii/iii_0999.png,good,True
492,./vae_out/iii/iii_3247.png,bad,False
493,./vae_out/iii/iii_1245.png,good,True
494,./vae_out/iii/iii_2226.png,good,True
495,./vae_out/iii/iii_0482.png,good,True
496,./vae_out/iii/iii_1427.png,bad,False
497,./vae_out/iii/iii_2777.png,bad,False
498,./vae_out/iii/iii_4053.png,good,True
499,./vae_out/iii/iii_2034.png,bad,False
500,./vae_out/iii/iii_1103.png,bad,False
501,./vae_out/iii/iii_3070.png,bad,False
502,./vae_out/iii/iii_2198.png,bad,False
503,./vae_out/iii/iii_3224.png,bad,False
504,./vae_out/iii/iii_3587.png,bad,False
505,./vae_out/iii/iii_4225.png,bad,False
506,./vae_out/iii/iii_4806.png,good,True
507,./vae_out/iii/iii_0312.png,good,True
508,./vae_out/iii/iii_1280.png,bad,False
509,./vae_out/iii/iii_0949.png,bad,False
510,./vae_out/iii/iii_4791.png,good,True
511,./vae_out/iii/iii_4221.png,good,True
512,./vae_out/iii/iii_0987.png,good,True
513,./vae_out/iii/iii_2246.png,bad,False
514,./vae_out/iii/iii_4886.png,bad,False
515,./vae_out/iii/iii_3186.png,good,True
516,./vae_out/iii/iii_4797.png,good,True
517,./vae_out/iii/iii_1146.png,bad,False
518,./vae_out/iii/iii_0730.png,bad,False
519,./vae_out/iii/iii_4761.png,good,True
520,./vae_out/iii/iii_3872.png,bad,False
521,./vae_out/iii/iii_1917.png,bad,False
522,./vae_out/iii/iii_3229.png,good,True
523,./vae_out/iii/iii_2843.png,good,True
524,./vae_out/iii/iii_2747.png,good,True
525,./vae_out/iii/iii_2202.png,bad,False
526,./vae_out/iii/iii_2450.png,bad,False
527,./vae_out/iii/iii_3263.png,good,True
528,./vae_out/iii/iii_4381.png,bad,False
529,./vae_out/iii/iii_1868.png,good,True
530,./vae_out/iii/iii_3973.png,bad,False
531,./vae_out/iii/iii_3986.png,bad,False
532,./vae_out/iii/iii_2866.png,bad,False
533,./vae_out/iii/iii_0603.png,good,True
534,./vae_out/iii/iii_3764.png,bad,False
535,./vae_out/iii/iii_1815.png,bad,False
536,./vae_out/iii/iii_0233.png,bad,False
537,./vae_out/iii/iii_0416.png,bad,False
538,./vae_out/iii/iii_3803.png,good,True
539,./vae_out/iii/iii_2251.png,good,True
540,./vae_out/iii/iii_1993.png,good,True
541,./vae_out/iii/iii_1481.png,bad,False
542,./vae_out/iii/iii_3004.png,bad,False
543,./vae_out/iii/iii_3658.png,good,True
544,./vae_out/iii/iii_0504.png,bad,False
545,./vae_out/iii/iii_0561.png,good,True
546,./vae_out/iii/iii_1364.png,good,True
547,./vae_out/iii/iii_0003.png,good,True
548,./vae_out/iii/iii_2405.png,bad,False
549,./vae_out/iii/iii_0952.png,bad,False
550,./vae_out/iii/iii_3293.png,bad,False
551,./vae_out/iii/iii_3456.png,bad,False
552,./vae_out/iii/iii_4866.png,good,True
553,./vae_out/iii/iii_1594.png,bad,False
554,./vae_out/iii/iii_3114.png,bad,False
555,./vae_out/iii/iii_4341.png,bad,False
556,./vae_out/iii/iii_2079.png,bad,False
557,./vae_out/iii/iii_4296.png,bad,False
558,./vae_out/iii/iii_4553.png,bad,False
559,./vae_out/iii/iii_2236.png,bad,False
560,./vae_out/iii/iii_2190.png,bad,False
561,./vae_out/iii/iii_4444.png,bad,False
562,./vae_out/iii/iii_4028.png,bad,False
563,./vae_out/iii/iii_2697.png,bad,False
564,./vae_out/iii/iii_0304.png,bad,False
565,./vae_out/iii/iii_0372.png,bad,False
566,./vae_out/iii/iii_1428.png,bad,False
567,./vae_out/iii/iii_2186.png,good,True
568,./vae_out/iii/iii_4538.png,good,True
569,./vae_out/iii/iii_2380.png,bad,False
570,./vae_out/iii/iii_2492.png,bad,False
571,./vae_out/iii/iii_3386.png,bad,False
572,./vae_out/iii/iii_4014.png,bad,False
573,./vae_out/iii/iii_1449.png,good,True
574,./vae_out/iii/iii_3643.png,good,True
575,./vae_out/iii/iii_0704.png,good,True
576,./vae_out/iii/iii_0617.png,bad,False
577,./vae_out/iii/iii_1244.png,bad,False
578,./vae_out/iii/iii_0192.png,good,True
579,./vae_out/iii/iii_4507.png,good,True
580,./vae_out/iii/iii_1866.png,good,True
581,./vae_out/iii/iii_2256.png,good,True
582,./vae_out/iii/iii_2840.png,good,True
583,./vae_out/iii/iii_0715.png,bad,False
584,./vae_out/iii/iii_1795.png,bad,False
585,./vae_out/iii/iii_3954.png,bad,False
586,./vae_out/iii/iii_0803.png,good,True
587,./vae_out/iii/iii_4877.png,bad,False
588,./vae_out/iii/iii_0201.png,bad,False
589,./vae_out/iii/iii_3109.png,bad,False
590,./vae_out/iii/iii_4081.png,bad,False
591,./vae_out/iii/iii_3953.png,good,True
592,./vae_out/iii/iii_4838.png,bad,False
593,./vae_out/iii/iii_0519.png,bad,False
594,./vae_out/iii/iii_2584.png,bad,False
595,./vae_out/iii/iii_1168.png,bad,False
596,./vae_out/iii/iii_3426.png,bad,False
597,./vae_out/iii/iii_4948.png,bad,False
598,./vae_out/iii/iii_3270.png,bad,False
599,./vae_out/iii/iii_4506.png,bad,False
600,./vae_out/iii/iii_1618.png,bad,False
601,./vae_out/iii/iii_1497.png,good,True
602,./vae_out/iii/iii_3799.png,bad,False
603,./vae_out/iii/iii_4250.png,bad,False
604,./vae_out/iii/iii_3729.png,bad,False
605,./vae_out/iii/iii_3631.png,bad,False
606,./vae_out/iii/iii_4641.png,bad,False
607,./vae_out/iii/iii_1633.png,bad,False
608,./vae_out/iii/iii_1527.png,bad,False
609,./vae_out/iii/iii_4112.png,bad,False
610,./vae_out/iii/iii_3462.png,bad,False
611,./vae_out/iii/iii_0781.png,good,True
612,./vae_out/iii/iii_1658.png,bad,False
613,./vae_out/iii/iii_3937.png,good,True
614,./vae_out/iii/iii_1619.png,good,True
615,./vae_out/iii/iii_3636.png,bad,False
616,./vae_out/iii/iii_2734.png,bad,False
617,./vae_out/iii/iii_2512.png,bad,False
618,./vae_out/iii/iii_4731.png,bad,False
619,./vae_out/iii/iii_4519.png,good,True
620,./vae_out/iii/iii_3595.png,good,True
621,./vae_out/iii/iii_2798.png,bad,False
622,./vae_out/iii/iii_3059.png,bad,False
623,./vae_out/iii/iii_4970.png,bad,False
624,./vae_out/iii/iii_4458.png,good,True
625,./vae_out/iii/iii_2527.png,bad,False
626,./vae_out/iii/iii_1160.png,bad,False
627,./vae_out/iii/iii_0644.png,bad,False
628,./vae_out/iii/iii_2948.png,good,True
629,./vae_out/iii/iii_0115.png,bad,False
630,./vae_out/iii/iii_2467.png,good,True
631,./vae_out/iii/iii_3794.png,bad,False
632,./vae_out/iii/iii_1377.png,bad,False
633,./vae_out/iii/iii_3600.png,bad,False
634,./vae_out/iii/iii_2207.png,good,True
635,./vae_out/iii/iii_4352.png,bad,False
636,./vae_out/iii/iii_4843.png,bad,False
637,./vae_out/iii/iii_1558.png,good,True
638,./vae_out/iii/iii_1845.png,bad,False
639,./vae_out/iii/iii_4089.png,bad,False
640,./vae_out/iii/iii_4238.png,good,True
641,./vae_out/iii/iii_2066.png,bad,False
642,./vae_out/iii/iii_0367.png,good,True
643,./vae_out/iii/iii_3749.png,bad,False
644,./vae_out/iii/iii_4340.png,good,True
645,./vae_out/iii/iii_4006.png,good,True
646,./vae_out/iii/iii_1522.png,bad,False
647,./vae_out/iii/iii_4439.png,bad,False
648,./vae_out/iii/iii_1533.png,good,True
649,./vae_out/iii/iii_0887.png,good,True
650,./vae_out/iii/iii_0831.png,bad,False
651,./vae_out/iii/iii_0842.png,bad,False
652,./vae_out/iii/iii_2757.png,bad,False
653,./vae_out/iii/iii_3580.png,good,True
654,./vae_out/iii/iii_0915.png,good,True
655,./vae_out/iii/iii_0486.png,bad,False
656,./vae_out/iii/iii_1564.png,bad,False
657,./vae_out/iii/iii_4374.png,bad,False
658,./vae_out/iii/iii_1839.png,good,True
659,./vae_out/iii/iii_4947.png,good,True
660,./vae_out/iii/iii_2658.png,bad,False
661,./vae_out/iii/iii_3460.png,good,True
662,./vae_out/iii/iii_0989.png,good,True
663,./vae_out/iii/iii_2421.png,good,True
664,./vae_out/iii/iii_2463.png,good,True
665,./vae_out/iii/iii_1515.png,good,True
666,./vae_out/iii/iii_0954.png,good,True
667,./vae_out/iii/iii_2710.png,good,True
668,./vae_out/iii/iii_4349.png,bad,False
669,./vae_out/iii/iii_0885.png,good,True
670,./vae_out/iii/iii_1113.png,bad,False
671,./vae_out/iii/iii_1290.png,bad,False
672,./vae_out/iii/iii_4826.png,bad,False
673,./vae_out/iii/iii_2501.png,good,True
674,./vae_out/iii/iii_0166.png,good,True
675,./vae_out/iii/iii_2617.png,good,True
676,./vae_out/iii/iii_4505.png,good,True
677,./vae_out/iii/iii_3663.png,good,True
678,./vae_out/iii/iii_2834.png,good,True
679,./vae_out/iii/iii_3239.png,good,True
680,./vae_out/iii/iii_4789.png,good,True
681,./vae_out/iii/iii_0834.png,good,True
682,./vae_out/iii/iii_1158.png,good,True
683,./vae_out/iii/iii_2220.png,bad,False
684,./vae_out/iii/iii_4612.png,bad,False
685,./vae_out/iii/iii_3654.png,bad,False
686,./vae_out/iii/iii_3340.png,good,True
687,./vae_out/iii/iii_1363.png,good,True
688,./vae_out/iii/iii_3964.png,bad,False
689,./vae_out/iii/iii_3722.png,bad,False
690,./vae_out/iii/iii_2646.png,bad,False
691,./vae_out/iii/iii_2998.png,good,True
692,./vae_out/iii/iii_0587.png,good,True
693,./vae_out/iii/iii_1852.png,good,True
694,./vae_out/iii/iii_2277.png,bad,False
695,./vae_out/iii/iii_3234.png,bad,False
696,./vae_out/iii/iii_0846.png,bad,False
697,./vae_out/iii/iii_1355.png,bad,False
698,./vae_out/iii/iii_4514.png,bad,False
699,./vae_out/iii/iii_1783.png,bad,False
700,./vae_out/iii/iii_1961.png,bad,False
701,./vae_out/iii/iii_3594.png,bad,False
702,./vae_out/iii/iii_2498.png,good,True
703,./vae_out/iii/iii_4516.png,good,True
704,./vae_out/iii/iii_0874.png,good,True
705,./vae_out/iii/iii_2192.png,good,True
706,./vae_out/iii/iii_3801.png,bad,False
707,./vae_out/iii/iii_3999.png,good,True
708,./vae_out/iii/iii_4889.png,bad,False
709,./vae_out/iii/iii_0063.png,bad,False
710,./vae_out/iii/iii_3373.png,bad,False
711,./vae_out/iii/iii_0232.png,bad,False
712,./vae_out/iii/iii_0946.png,bad,False
713,./vae_out/iii/iii_3038.png,good,True
714,./vae_out/iii/iii_3017.png,bad,False
715,./vae_out/iii/iii_2599.png,bad,False
716,./vae_out/iii/iii_4055.png,bad,False
717,./vae_out/iii/iii_3510.png,good,True
718,./vae_out/iii/iii_0575.png,bad,False
719,./vae_out/iii/iii_3779.png,bad,False
720,./vae_out/iii/iii_1944.png,good,True
721,./vae_out/iii/iii_2850.png,good,True
722,./vae_out/iii/iii_4208.png,bad,False
723,./vae_out/iii/iii_3540.png,bad,False
724,./vae_out/iii/iii_1528.png,bad,False
725,./vae_out/iii/iii_1692.png,bad,False
726,./vae_out/iii/iii_1561.png,good,True
727,./vae_out/iii/iii_0173.png,good,True
728,./vae_out/iii/iii_0132.png,good,True
729,./vae_out/iii/iii_1011.png,bad,False
730,./vae_out/iii/iii_4702.png,bad,False
731,./vae_out/iii/iii_2557.png,bad,False
732,./vae_out/iii/iii_1596.png,bad,False
733,./vae_out/iii/iii_2213.png,bad,False
734,./vae_out/iii/iii_2269.png,bad,False
735,./vae_out/iii/iii_4825.png,bad,False
736,./vae_out/iii/iii_0510.png,bad,False
737,./vae_out/iii/iii_4170.png,good,True
738,./vae_out/iii/iii_4066.png,bad,False
739,./vae_out/iii/iii_0859.png,bad,False
740,./vae_out/iii/iii_3190.png,bad,False
741,./vae_out/iii/iii_0453.png,good,True
742,./vae_out/iii/iii_3446.png,bad,False
743,./vae_out/iii/iii_3056.png,good,True
744,./vae_out/iii/iii_2002.png,bad,False
745,./vae_out/iii/iii_0145.png,good,True
746,./vae_out/iii/iii_3018.png,good,True
747,./vae_out/iii/iii_0684.png,good,True
748,./vae_out/iii/iii_1001.png,bad,False
749,./vae_out/iii/iii_0013.png,good,True
750,./vae_out/iii/iii_4040.png,bad,False
751,./vae_out/iii/iii_2279.png,good,True
752,./vae_out/iii/iii_1678.png,bad,False
753,./vae_out/iii/iii_4927.png,bad,False
754,./vae_out/iii/iii_1626.png,bad,False
755,./vae_out/iii/iii_1038.png,bad,False
756,./vae_out/iii/iii_3584.png,bad,False
757,./vae_out/iii/iii_0072.png,bad,False
758,./vae_out/iii/iii_3842.png,bad,False
759,./vae_out/iii/iii_4262.png,good,True
760,./vae_out/iii/iii_1259.png,good,True
761,./vae_out/iii/iii_4682.png,good,True
762,./vae_out/iii/iii_3909.png,bad,False
763,./vae_out/iii/iii_4688.png,bad,False
764,./vae_out/iii/iii_4551.png,good,True
765,./vae_out/iii/iii_0278.png,good,True
766,./vae_out/iii/iii_2341.png,good,True
767,./vae_out/iii/iii_1358.png,bad,False
768,./vae_out/iii/iii_4015.png,good,True
769,./vae_out/iii/iii_2446.png,good,True
770,./vae_out/iii/iii_3845.png,good,True
771,./vae_out/iii/iii_4316.png,bad,False
772,./vae_out/iii/iii_2043.png,bad,False
773,./vae_out/iii/iii_4433.png,bad,False
774,./vae_out/iii/iii_1547.png,bad,False
775,./vae_out/iii/iii_3094.png,good,True
776,./vae_out/iii/iii_0459.png,good,True
777,./vae_out/iii/iii_4620.png,bad,False
778,./vae_out/iii/iii_3834.png,bad,False
779,./vae_out/iii/iii_1779.png,good,True
780,./vae_out/iii/iii_0044.png,bad,False
781,./vae_out/iii/iii_3075.png,bad,False
782,./vae_out/iii/iii_4430.png,bad,False
783,./vae_out/iii/iii_3705.png,good,True
784,./vae_out/iii/iii_2893.png,good,True
785,./vae_out/iii/iii_0500.png,bad,False
786,./vae_out/iii/iii_0335.png,bad,False
787,./vae_out/iii/iii_1269.png,bad,False
788,./vae_out/iii/iii_0581.png,good,True
789,./vae_out/iii/iii_2640.png,bad,False
790,./vae_out/iii/iii_3191.png,bad,False
791,./vae_out/iii/iii_1690.png,good,True
792,./vae_out/iii/iii_4723.png,good,True
793,./vae_out/iii/iii_0652.png,good,True
794,./vae_out/iii/iii_4912.png,bad,False
795,./vae_out/iii/iii_4038.png,good,True
796,./vae_out/iii/iii_0268.png,bad,False
797,./vae_out/iii/iii_0238.png,bad,False
798,./vae_out/iii/iii_0485.png,good,True
799,./vae_out/iii/iii_0435.png,bad,False
800,./vae_out/iii/iii_4711.png,bad,False
801,./vae_out/iii/iii_1141.png,good,True
802,./vae_out/iii/iii_1232.png,good,True
803,./vae_out/iii/iii_0418.png,bad,False
804,./vae_out/iii/iii_4998.png,bad,False
805,./vae_out/iii/iii_2820.png,bad,False
806,./vae_out/iii/iii_4616.png,bad,False
807,./vae_out/iii/iii_1459.png,good,True
808,./vae_out/iii/iii_3559.png,bad,False
809,./vae_out/iii/iii_2076.png,bad,False
810,./vae_out/iii/iii_4263.png,good,True
811,./vae_out/iii/iii_3101.png,bad,False
812,./vae_out/iii/iii_0407.png,good,True
813,./vae_out/iii/iii_4608.png,bad,False
814,./vae_out/iii/iii_0343.png,good,True
815,./vae_out/iii/iii_0256.png,bad,False
816,./vae_out/iii/iii_2219.png,bad,False
817,./vae_out/iii/iii_4888.png,good,True
818,./vae_out/iii/iii_1454.png,bad,False
819,./vae_out/iii/iii_0745.png,bad,False
820,./vae_out/iii/iii_4138.png,good,True
821,./vae_out/iii/iii_2543.png,bad,False
822,./vae_out/iii/iii_0242.png,bad,False
823,./vae_out/iii/iii_0676.png,bad,False
824,./vae_out/iii/iii_1758.png,bad,False
825,./vae_out/iii/iii_0703.png,bad,False
826,./vae_out/iii/iii_1827.png,bad,False
827,./vae_out/iii/iii_2132.png,good,True
828,./vae_out/iii/iii_3976.png,bad,False
829,./vae_out/iii/iii_0420.png,bad,False
830,./vae_out/iii/iii_0890.png,good,True
831,./vae_out/iii/iii_1054.png,good,True
832,./vae_out/iii/iii_4876.png,good,True
833,./vae_out/iii/iii_0350.png,bad,False
834,./vae_out/iii/iii_2161.png,bad,False
835,./vae_out/iii/iii_0070.png,good,True
836,./vae_out/iii/iii_2187.png,bad,False
837,./vae_out/iii/iii_0998.png,bad,False
838,./vae_out/iii/iii_2147.png,good,True
839,./vae_out/iii/iii_1092.png,bad,False
840,./vae_out/iii/iii_2085.png,bad,False
841,./vae_out/iii/iii_3947.png,good,True
842,./vae_out/iii/iii_1128.png,good,True
843,./vae_out/iii/iii_0740.png,good,True
844,./vae_out/iii/iii_2835.png,bad,False
845,./vae_out/iii/iii_0637.png,bad,False
846,./vae_out/iii/iii_2046.png,good,True
847,./vae_out/iii/iii_0854.png,bad,False
848,./vae_out/iii/iii_4550.png,bad,False
849,./vae_out/iii/iii_3450.png,bad,False
850,./vae_out/iii/iii_4479.png,bad,False
851,./vae_out/iii/iii_2245.png,bad,False
852,./vae_out/iii/iii_2770.png,bad,False
853,./vae_out/iii/iii_4271.png,bad,False
854,./vae_out/iii/iii_3499.png,bad,False
855,./vae_out/iii/iii_4411.png,good,True
856,./vae_out/iii/iii_2383.png,bad,False
857,./vae_out/iii/iii_2221.png,bad,False
858,./vae_out/iii/iii_2392.png,bad,False
859,./vae_out/iii/iii_4634.png,bad,False
860,./vae_out/iii/iii_4061.png,bad,False
861,./vae_out/iii/iii_0669.png,bad,False
862,./vae_out/iii/iii_1592.png,bad,False
863,./vae_out/iii/iii_1159.png,bad,False
864,./vae_out/iii/iii_2080.png,bad,False
865,./vae_out/iii/iii_3558.png,bad,False
866,./vae_out/iii/iii_0618.png,good,True
867,./vae_out/iii/iii_4247.png,bad,False
868,./vae_out/iii/iii_3020.png,good,True
869,./vae_out/iii/iii_3674.png,bad,False
870,./vae_out/iii/iii_2551.png,good,True
871,./vae_out/iii/iii_2673.png,good,True
872,./vae_out/iii/iii_2151.png,good,True
873,./vae_out/iii/iii_2896.png,bad,False
874,./vae_out/iii/iii_2507.png,bad,False
875,./vae_out/iii/iii_3082.png,bad,False
876,./vae_out/iii/iii_2961.png,bad,False
877,./vae_out/iii/iii_0146.png,good,True
878,./vae_out/iii/iii_2964.png,bad,False
879,./vae_out/iii/iii_3718.png,good,True
880,./vae_out/iii/iii_3483.png,good,True
881,./vae_out/iii/iii_1911.png,bad,False
882,./vae_out/iii/iii_0468.png,good,True
883,./vae_out/iii/iii_3539.png,good,True
884,./vae_out/iii/iii_4663.png,bad,False
885,./vae_out/iii/iii_1016.png,good,True
886,./vae_out/iii/iii_3601.png,good,True
887,./vae_out/iii/iii_4750.png,good,True
888,./vae_out/iii/iii_4375.png,bad,False
889,./vae_out/iii/iii_2474.png,good,True
890,./vae_out/iii/iii_4090.png,bad,False
891,./vae_out/iii/iii_3194.png,bad,False
892,./vae_out/iii/iii_1214.png,bad,False
893,./vae_out/iii/iii_0863.png,good,True
894,./vae_out/iii/iii_1865.png,bad,False
895,./vae_out/iii/iii_3364.png,bad,False
896,./vae_out/iii/iii_4703.png,bad,False
897,./vae_out/iii/iii_1948.png,good,True
898,./vae_out/iii/iii_0218.png,good,True
899,./vae_out/iii/iii_4939.png,good,True
900,./vae_out/iii/iii_3112.png,bad,False
901,./vae_out/iii/iii_1039.png,bad,False
902,./vae_out/iii/iii_1523.png,bad,False
903,./vae_out/iii/iii_0950.png,bad,False
904,./vae_out/iii/iii_4651.png,good,True
905,./vae_out/iii/iii_1664.png,good,True
906,./vae_out/iii/iii_1035.png,good,True
907,./vae_out/iii/iii_3532.png,good,True
908,./vae_out/iii/iii_2436.png,good,True
909,./vae_out/iii/iii_4073.png,good,True
910,./vae_out/iii/iii_3617.png,good,True
911,./vae_out/iii/iii_3817.png,good,True
912,./vae_out/iii/iii_3212.png,bad,False
913,./vae_out/iii/iii_0822.png,bad,False
914,./vae_out/iii/iii_4636.png,good,True
915,./vae_out/iii/iii_3175.png,bad,False
916,./vae_out/iii/iii_2289.png,bad,False
917,./vae_out/iii/iii_1085.png,bad,False
918,./vae_out/iii/iii_3054.png,bad,False
919,./vae_out/iii/iii_2072.png,bad,False
920,./vae_out/iii/iii_4220.png,good,True
921,./vae_out/iii/iii_1441.png,good,True
922,./vae_out/iii/iii_2914.png,good,True
923,./vae_out/iii/iii_0844.png,good,True
924,./vae_out/iii/iii_1152.png,bad,False
925,./vae_out/iii/iii_4406.png,bad,False
926,./vae_out/iii/iii_0710.png,good,True
927,./vae_out/iii/iii_3033.png,bad,False
928,./vae_out/iii/iii_2881.png,bad,False
929,./vae_out/iii/iii_2905.png,bad,False
930,./vae_out/iii/iii_3117.png,bad,False
931,./vae_out/iii/iii_4894.png,good,True
932,./vae_out/iii/iii_1106.png,bad,False
933,./vae_out/iii/iii_0318.png,good,True
934,./vae_out/iii/iii_1203.png,bad,False
935,./vae_out/iii/iii_3445.png,good,True
936,./vae_out/iii/iii_0886.png,good,True
937,./vae_out/iii/iii_2917.png,bad,False
938,./vae_out/iii/iii_2144.png,bad,False
939,./vae_out/iii/iii_2680.png,bad,False
940,./vae_out/iii/iii_4232.png,bad,False
941,./vae_out/iii/iii_4197.png,bad,False
942,./vae_out/iii/iii_1761.png,bad,False
943,./vae_out/iii/iii_0957.png,good,True
944,./vae_out/iii/iii_0106.png,bad,False
945,./vae_out/iii/iii_0406.png,bad,False
946,./vae_out/iii/iii_2435.png,good,True
947,./vae_out/iii/iii_3393.png,bad,False
948,./vae_out/iii/iii_3338.png,bad,False
949,./vae_out/iii/iii_4442.png,bad,False
950,./vae_out/iii/iii_1834.png,bad,False
951,./vae_out/iii/iii_0199.png,good,True
952,./vae_out/iii/iii_1929.png,bad,False
953,./vae_out/iii/iii_1277.png,good,True
954,./vae_out/iii/iii_3490.png,bad,False
955,./vae_out/iii/iii_3627.png,bad,False
956,./vae_out/iii/iii_4604.png,good,True
957,./vae_out/iii/iii_3310.png,good,True
958,./vae_out/iii/iii_4728.png,bad,False
959,./vae_out/iii/iii_0529.png,bad,False
960,./vae_out/iii/iii_3790.png,bad,False
961,./vae_out/iii/iii_2069.png,good,True
962,./vae_out/iii/iii_4361.png,good,True
963,./vae_out/iii/iii_1180.png,good,True
964,./vae_out/iii/iii_2343.png,bad,False
965,./vae_out/iii/iii_4758.png,bad,False
966,./vae_out/iii/iii_3143.png,good,True
967,./vae_out/iii/iii_3581.png,bad,False
968,./vae_out/iii/iii_3591.png,bad,False
969,./vae_out/iii/iii_0867.png,good,True
970,./vae_out/iii/iii_3236.png,good,True
971,./vae_out/iii/iii_4596.png,bad,False
972,./vae_out/iii/iii_2727.png,good,True
973,./vae_out/iii/iii_2732.png,bad,False
974,./vae_out/iii/iii_4937.png,bad,False
975,./vae_out/iii/iii_4000.png,bad,False
976,./vae_out/iii/iii_0625.png,good,True
977,./vae_out/iii/iii_1110.png,bad,False
978,./vae_out/iii/iii_4379.png,bad,False
979,./vae_out/iii/iii_0102.png,good,True
980,./vae_out/iii/iii_4021.png,good,True
981,./vae_out/iii/iii_3747.png,good,True
982,./vae_out/iii/iii_1439.png,bad,False
983,./vae_out/iii/iii_3744.png,good,True
984,./vae_out/iii/iii_0960.png,good,True
985,./vae_out/iii/iii_2123.png,bad,False
986,./vae_out/iii/iii_4547.png,bad,False
987,./vae_out/iii/iii_1885.png,bad,False
988,./vae_out/iii/iii_2521.png,bad,False
989,./vae_out/iii/iii_4503.png,good,True
990,./vae_out/iii/iii_1730.png,bad,False
991,./vae_out/iii/iii_1584.png,bad,False
992,./vae_out/iii/iii_2630.png,bad,False
993,./vae_out/iii/iii_3805.png,good,True
994,./vae_out/iii/iii_3147.png,bad,False
995,./vae_out/iii/iii_2794.png,good,True
996,./vae_out/iii/iii_2766.png,bad,False
997,./vae_out/iii/iii_3983.png,bad,False
998,./vae_out/iii/iii_0066.png,bad,False
999,./vae_out/iii/iii_0811.png,bad,False
1000,./vae_out/iii/iii_1602.png,good,True
1001,./vae_out/iii/iii_3115.png,bad,False
1002,./vae_out/iii/iii_3076.png,bad,False
1003,./vae_out/iii/iii_1729.png,good,True
1004,./vae_out/iii/iii_2284.png,good,True
1005,./vae_out/iii/iii_4091.png,good,True
1006,./vae_out/iii/iii_1883.png,bad,False
1007,./vae_out/iii/iii_3282.png,good,True
1008,./vae_out/iii/iii_1382.png,good,True
1009,./vae_out/iii/iii_0282.png,bad,False
1010,./vae_out/iii/iii_0983.png,bad,False
1011,./vae_out/iii/iii_2135.png,good,True
1012,./vae_out/iii/iii_0884.png,good,True
1013,./vae_out/iii/iii_3932.png,good,True
1014,./vae_out/iii/iii_4768.png,good,True
1015,./vae_out/iii/iii_3618.png,bad,False
1016,./vae_out/iii/iii_3849.png,bad,False
1017,./vae_out/iii/iii_3406.png,bad,False
1018,./vae_out/iii/iii_1920.png,good,True
1019,./vae_out/iii/iii_2688.png,bad,False
1020,./vae_out/iii/iii_3349.png,good,True
1021,./vae_out/iii/iii_0165.png,good,True
1022,./vae_out/iii/iii_0779.png,bad,False
1023,./vae_out/iii/iii_4494.png,good,True
1024,./vae_out/iii/iii_0215.png,bad,False
1025,./vae_out/iii/iii_4393.png,good,True
1026,./vae_out/iii/iii_4002.png,good,True
1027,./vae_out/iii/iii_2019.png,bad,False
1028,./vae_out/iii/iii_4108.png,bad,False
1029,./vae_out/iii/iii_2515.png,bad,False
1030,./vae_out/iii/iii_4327.png,good,True
1031,./vae_out/iii/iii_4389.png,good,True
1032,./vae_out/iii/iii_0580.png,bad,False
1033,./vae_out/iii/iii_1373.png,bad,False
1034,./vae_out/iii/iii_4762.png,good,True
1035,./vae_out/iii/iii_4675.png,bad,False
1036,./vae_out/iii/iii_4500.png,bad,False
1037,./vae_out/iii/iii_0130.png,good,True
1038,./vae_out/iii/iii_4521.png,bad,False
1039,./vae_out/iii/iii_1785.png,bad,False
1040,./vae_out/iii/iii_2374.png,bad,False
1041,./vae_out/iii/iii_0868.png,good,True
1042,./vae_out/iii/iii_1572.png,bad,False
1043,./vae_out/iii/iii_2725.png,good,True
1044,./vae_out/iii/iii_4549.png,bad,False
1045,./vae_out/iii/iii_1728.png,bad,False
1046,./vae_out/iii/iii_1207.png,good,True
1047,./vae_out/iii/iii_0925.png,bad,False
1048,./vae_out/iii/iii_4315.png,bad,False
1049,./vae_out/iii/iii_4366.png,bad,False
1050,./vae_out/iii/iii_4240.png,bad,False
1051,./vae_out/iii/iii_2077.png,good,True
1052,./vae_out/iii/iii_3487.png,good,True
1053,./vae_out/iii/iii_2332.png,bad,False
1054,./vae_out/iii/iii_2305.png,bad,False
1055,./vae_out/iii/iii_1636.png,good,True
1056,./vae_out/iii/iii_2285.png,bad,False
1057,./vae_out/iii/iii_3616.png,good,True
1058,./vae_out/iii/iii_0408.png,bad,False
1059,./vae_out/iii/iii_2753.png,bad,False
1060,./vae_out/iii/iii_3045.png,good,True
1061,./vae_out/iii/iii_2849.png,good,True
1062,./vae_out/iii/iii_2928.png,bad,False
1063,./vae_out/iii/iii_0182.png,good,True
1064,./vae_out/iii/iii_0026.png,good,True
1065,./vae_out/iii/iii_0178.png,good,True
1066,./vae_out/iii/iii_1465.png,good,True
1067,./vae_out/iii/iii_4607.png,good,True
1068,./vae_out/iii/iii_3720.png,good,True
1069,./vae_out/iii/iii_3000.png,bad,False
1070,./vae_out/iii/iii_1585.png,bad,False
1071,./vae_out/iii/iii_2811.png,good,True
1072,./vae_out/iii/iii_1901.png,bad,False
1073,./vae_out/iii/iii_2796.png,bad,False
1074,./vae_out/iii/iii_2304.png,bad,False
1075,./vae_out/iii/iii_2877.png,bad,False
1076,./vae_out/iii/iii_0898.png,good,True
1077,./vae_out/iii/iii_1643.png,good,True
1078,./vae_out/iii/iii_1169.png,bad,False
1079,./vae_out/iii/iii_1070.png,good,True
1080,./vae_out/iii/iii_1094.png,good,True
1081,./vae_out/iii/iii_4149.png,bad,False
1082,./vae_out/iii/iii_3172.png,bad,False
1083,./vae_out/iii/iii_1200.png,good,True
1084,./vae_out/iii/iii_1074.png,good,True
1085,./vae_out/iii/iii_4148.png,bad,False
1086,./vae_out/iii/iii_3916.png,bad,False
1087,./vae_out/iii/iii_4781.png,bad,False
1088,./vae_out/iii/iii_2991.png,bad,False
1089,./vae_out/iii/iii_3529.png,bad,False
1090,./vae_out/iii/iii_1735.png,bad,False
1091,./vae_out/iii/iii_0492.png,good,True
1092,./vae_out/iii/iii_0975.png,bad,False
1093,./vae_out/iii/iii_4813.png,bad,False
1094,./vae_out/iii/iii_0498.png,bad,False
1095,./vae_out/iii/iii_3876.png,bad,False
1096,./vae_out/iii/iii_2637.png,bad,False
1097,./vae_out/iii/iii_0000.png,bad,False
1098,./vae_out/iii/iii_2865.png,bad,False
1099,./vae_out/iii/iii_1964.png,bad,False
1100,./vae_out/iii/iii_0361.png,bad,False
1101,./vae_out/iii/iii_0041.png,good,True
1102,./vae_out/iii/iii_2021.png,bad,False
1103,./vae_out/iii/iii_3536.png,good,True
1104,./vae_out/iii/iii_2959.png,good,True
1105,./vae_out/iii/iii_0360.png,bad,False
1106,./vae_out/iii/iii_0824.png,bad,False
1107,./vae_out/iii/iii_4830.png,bad,False
1108,./vae_out/iii/iii_2061.png,bad,False
1109,./vae_out/iii/iii_0937.png,bad,False
1110,./vae_out/iii/iii_3887.png,good,True
1111,./vae_out/iii/iii_3473.png,good,True
1112,./vae_out/iii/iii_1194.png,bad,False
1113,./vae_out/iii/iii_1637.png,bad,False
1114,./vae_out/iii/iii_4726.png,bad,False
1115,./vae_out/iii/iii_1887.png,bad,False
1116,./vae_out/iii/iii_1902.png,bad,False
1117,./vae_out/iii/iii_3759.png,bad,False
1118,./vae_out/iii/iii_0619.png,good,True
1119,./vae_out/iii/iii_3384.png,good,True
1120,./vae_out/iii/iii_0548.png,bad,False
1121,./vae_out/iii/iii_4765.png,bad,False
1122,./vae_out/iii/iii_1372.png,bad,False
1123,./vae_out/iii/iii_3695.png,bad,False
1124,./vae_out/iii/iii_1385.png,good,True
1125,./vae_out/iii/iii_1336.png,good,True
1126,./vae_out/iii/iii_4499.png,bad,False
1127,./vae_out/iii/iii_3894.png,bad,False
1128,./vae_out/iii/iii_1412.png,good,True
1129,./vae_out/iii/iii_1436.png,good,True
1130,./vae_out/iii/iii_2102.png,bad,False
1131,./vae_out/iii/iii_3113.png,good,True
1132,./vae_out/iii/iii_2258.png,bad,False
1133,./vae_out/iii/iii_2677.png,good,True
1134,./vae_out/iii/iii_3725.png,good,True
1135,./vae_out/iii/iii_2567.png,bad,False
1136,./vae_out/iii/iii_3800.png,bad,False
1137,./vae_out/iii/iii_3251.png,bad,False
1138,./vae_out/iii/iii_1304.png,bad,False
1139,./vae_out/iii/iii_1362.png,bad,False
1140,./vae_out/iii/iii_3222.png,good,True
1141,./vae_out/iii/iii_0011.png,good,True
1142,./vae_out/iii/iii_2973.png,bad,False
1143,./vae_out/iii/iii_0735.png,bad,False
1144,./vae_out/iii/iii_2570.png,bad,False
1145,./vae_out/iii/iii_4969.png,good,True
1146,./vae_out/iii/iii_1502.png,bad,False
1147,./vae_out/iii/iii_1403.png,bad,False
1148,./vae_out/iii/iii_2952.png,good,True
1149,./vae_out/iii/iii_3121.png,bad,False
1150,./vae_out/iii/iii_1324.png,bad,False
1151,./vae_out/iii/iii_4961.png,bad,False
1152,./vae_out/iii/iii_0186.png,good,True
1153,./vae_out/iii/iii_2067.png,good,True
1154,./vae_out/iii/iii_1788.png,bad,False
1155,./vae_out/iii/iii_1792.png,bad,False
1156,./vae_out/iii/iii_4951.png,bad,False
1157,./vae_out/iii/iii_4156.png,bad,False
1158,./vae_out/iii/iii_1178.png,bad,False
1159,./vae_out/iii/iii_0032.png,good,True
1160,./vae_out/iii/iii_3931.png,bad,False
1161,./vae_out/iii/iii_0918.png,bad,False
1162,./vae_out/iii/iii_0421.png,good,True
1163,./vae_out/iii/iii_1069.png,bad,False
1164,./vae_out/iii/iii_4291.png,bad,False
1165,./vae_out/iii/iii_3012.png,good,True
1166,./vae_out/iii/iii_2385.png,good,True
1167,./vae_out/iii/iii_3321.png,bad,False
1168,./vae_out/iii/iii_0314.png,bad,False
1169,./vae_out/iii/iii_2870.png,good,True
1170,./vae_out/iii/iii_2761.png,bad,False
1171,./vae_out/iii/iii_2288.png,bad,False
1172,./vae_out/iii/iii_1576.png,good,True
1173,./vae_out/iii/iii_3489.png,bad,False
1174,./vae_out/iii/iii_0924.png,bad,False
1175,./vae_out/iii/iii_3688.png,bad,False
1176,./vae_out/iii/iii_0783.png,good,True
1177,./vae_out/iii/iii_4293.png,good,True
1178,./vae_out/iii/iii_4376.png,bad,False
1179,./vae_out/iii/iii_1554.png,bad,False
1180,./vae_out/iii/iii_0853.png,bad,False
1181,./vae_out/iii/iii_1696.png,bad,False
1182,./vae_out/iii/iii_2112.png,good,True
1183,./vae_out/iii/iii_2741.png,bad,False
1184,./vae_out/iii/iii_2848.png,good,True
1185,./vae_out/iii/iii_4681.png,bad,False
1186,./vae_out/iii/iii_3939.png,good,True
1187,./vae_out/iii/iii_3447.png,bad,False
1188,./vae_out/iii/iii_1127.png,bad,False
1189,./vae_out/iii/iii_2953.png,bad,False
1190,./vae_out/iii/iii_3030.png,good,True
1191,./vae_out/iii/iii_1064.png,bad,False
1192,./vae_out/iii/iii_1292.png,bad,False
1193,./vae_out/iii/iii_1024.png,bad,False
1194,./vae_out/iii/iii_3659.png,good,True
1195,./vae_out/iii/iii_1182.png,good,True
1196,./vae_out/iii/iii_1062.png,bad,False
1197,./vae_out/iii/iii_1383.png,bad,False
1198,./vae_out/iii/iii_2260.png,bad,False
1199,./vae_out/iii/iii_4337.png,good,True
1200,./vae_out/iii/iii_0938.png,good,True
1201,./vae_out/iii/iii_3837.png,good,True
1202,./vae_out/iii/iii_2033.png,bad,False
1203,./vae_out/iii/iii_0212.png,bad,False
1204,./vae_out/iii/iii_2292.png,good,True
1205,./vae_out/iii/iii_1499.png,good,True
1206,./vae_out/iii/iii_4637.png,bad,False
1207,./vae_out/iii/iii_0839.png,bad,False
1208,./vae_out/iii/iii_1605.png,bad,False
1209,./vae_out/iii/iii_4141.png,good,True
1210,./vae_out/iii/iii_0965.png,good,True
1211,./vae_out/iii/iii_2131.png,bad,False
1212,./vae_out/iii/iii_1524.png,good,True
1213,./vae_out/iii/iii_1975.png,good,True
1214,./vae_out/iii/iii_3459.png,bad,False
1215,./vae_out/iii/iii_3495.png,bad,False
1216,./vae_out/iii/iii_3231.png,bad,False
1217,./vae_out/iii/iii_0339.png,bad,False
1218,./vae_out/iii/iii_3528.png,good,True
1219,./vae_out/iii/iii_4978.png,bad,False
1220,./vae_out/iii/iii_4343.png,bad,False
1221,./vae_out/iii/iii_1199.png,good,True
1222,./vae_out/iii/iii_3677.png,good,True
1223,./vae_out/iii/iii_4812.png,good,True
1224,./vae_out/iii/iii_0990.png,bad,False
1225,./vae_out/iii/iii_1105.png,bad,False
1226,./vae_out/iii/iii_2981.png,bad,False
1227,./vae_out/iii/iii_0049.png,bad,False
1228,./vae_out/iii/iii_0873.png,bad,False
1229,./vae_out/iii/iii_4555.png,bad,False
1230,./vae_out/iii/iii_0726.png,bad,False
1231,./vae_out/iii/iii_3656.png,bad,False
1232,./vae_out/iii/iii_4492.png,good,True
1233,./vae_out/iii/iii_4542.png,good,True
1234,./vae_out/iii/iii_0900.png,good,True
1235,./vae_out/iii/iii_2295.png,good,True
1236,./vae_out/iii/iii_3283.png,good,True
1237,./vae_out/iii/iii_4706.png,good,True
1238,./vae_out/iii/iii_2573.png,bad,False
1239,./vae_out/iii/iii_0694.png,bad,False
1240,./vae_out/iii/iii_3390.png,bad,False
1241,./vae_out/iii/iii_3989.png,bad,False
1242,./vae_out/iii/iii_0585.png,bad,False
1243,./vae_out/iii/iii_2263.png,bad,False
1244,./vae_out/iii/iii_0375.png,bad,False
1245,./vae_out/iii/iii_4796.png,good,True
1246,./vae_out/iii/iii_3146.png,bad,False
1247,./vae_out/iii/iii_3880.png,good,True
1248,./vae_out/iii/iii_4923.png,good,True
1249,./vae_out/iii/iii_3151.png,bad,False
1250,./vae_out/iii/iii_4472.png,bad,False
1251,./vae_out/iii/iii_0769.png,bad,False
1252,./vae_out/iii/iii_3637.png,bad,False
1253,./vae_out/iii/iii_1122.png,bad,False
1254,./vae_out/iii/iii_0550.png,bad,False
1255,./vae_out/iii/iii_1540.png,bad,False
1256,./vae_out/iii/iii_2744.png,bad,False
1257,./vae_out/iii/iii_0185.png,bad,False
1258,./vae_out/iii/iii_2568.png,good,True
1259,./vae_out/iii/iii_1591.png,bad,False
1260,./vae_out/iii/iii_2533.png,good,True
1261,./vae_out/iii/iii_3258.png,bad,False
1262,./vae_out/iii/iii_1349.png,bad,False
1263,./vae_out/iii/iii_2814.png,good,True
1264,./vae_out/iii/iii_1685.png,bad,False
1265,./vae_out/iii/iii_3289.png,bad,False
1266,./vae_out/iii/iii_1963.png,bad,False
1267,./vae_out/iii/iii_4908.png,bad,False
1268,./vae_out/iii/iii_4243.png,good,True
1269,./vae_out/iii/iii_1965.png,good,True
1270,./vae_out/iii/iii_4899.png,good,True
1271,./vae_out/iii/iii_2974.png,good,True
1272,./vae_out/iii/iii_0077.png,bad,False
1273,./vae_out/iii/iii_0445.png,bad,False
1274,./vae_out/iii/iii_0142.png,good,True
1275,./vae_out/iii/iii_0460.png,bad,False
1276,./vae_out/iii/iii_3589.png,bad,False
1277,./vae_out/iii/iii_2618.png,bad,False
1278,./vae_out/iii/iii_3556.png,good,True
1279,./vae_out/iii/iii_1448.png,good,True
1280,./vae_out/iii/iii_4455.png,good,True
1281,./vae_out/iii/iii_4163.png,bad,False
1282,./vae_out/iii/iii_1543.png,bad,False
1283,./vae_out/iii/iii_4822.png,good,True
1284,./vae_out/iii/iii_0065.png,bad,False
1285,./vae_out/iii/iii_4106.png,good,True
1286,./vae_out/iii/iii_1894.png,good,True
1287,./vae_out/iii/iii_3072.png,good,True
1288,./vae_out/iii/iii_1717.png,bad,False
1289,./vae_out/iii/iii_3120.png,good,True
1290,./vae_out/iii/iii_0775.png,bad,False
1291,./vae_out/iii/iii_1755.png,bad,False
1292,./vae_out/iii/iii_3356.png,bad,False
1293,./vae_out/iii/iii_4603.png,bad,False
1294,./vae_out/iii/iii_3016.png,bad,False
1295,./vae_out/iii/iii_4026.png,bad,False
1296,./vae_out/iii/iii_3077.png,bad,False
1297,./vae_out/iii/iii_3249.png,bad,False
1298,./vae_out/iii/iii_2518.png,bad,False
1299,./vae_out/iii/iii_3644.png,bad,False
1300,./vae_out/iii/iii_3398.png,good,True
1301,./vae_out/iii/iii_0133.png,bad,False
1302,./vae_out/iii/iii_4952.png,bad,False
1303,./vae_out/iii/iii_1563.png,bad,False
1304,./vae_out/iii/iii_2452.png,good,True
1305,./vae_out/iii/iii_0963.png,good,True
1306,./vae_out/iii/iii_3486.png,bad,False
1307,./vae_out/iii/iii_4144.png,bad,False
1308,./vae_out/iii/iii_0920.png,bad,False
1309,./vae_out/iii/iii_1391.png,good,True
1310,./vae_out/iii/iii_1202.png,bad,False
1311,./vae_out/iii/iii_4727.png,bad,False
1312,./vae_out/iii/iii_1772.png,bad,False
1313,./vae_out/iii/iii_3156.png,bad,False
1314,./vae_out/iii/iii_0009.png,bad,False
1315,./vae_out/iii/iii_0284.png,bad,False
1316,./vae_out/iii/iii_0200.png,good,True
1317,./vae_out/iii/iii_0220.png,bad,False
1318,./vae_out/iii/iii_4493.png,bad,False
1319,./vae_out/iii/iii_1240.png,bad,False
1320,./vae_out/iii/iii_3319.png,good,True
